Date,Time,Basin_Type,Basin_Liner,Heat_Storage,Wick_Material,Water_Depth_mm,Glass_Thickness_mm,Ambient_Temp_C,Solar_Irradiance_Wm2,Relative_Humidity_pct,Yield_mLm2day
2025-03-01,07:00,Stepped,Corrugated with Fins,Blue Metal,Sponge,10,4,28.3,246.4,76.6,3580
2025-03-01,08:00,Stepped,Compartmental with Fins,Blue Metal,Colored Cotton,25,3,30.6,412.4,76.4,3642
2025-03-01,09:00,Stepped,Compartmental with Fins,White Marble,Sponge,20,5,29.3,278.0,80.8,3022
2025-03-01,10:00,Stepped,Compartmental,Pebbles,Black Jute,15,5,30.4,431.9,74.4,3689
2025-03-01,11:00,Stepped,Corrugated,White Marble,Black Cotton,20,5,30.7,744.3,84.0,4082
2025-03-01,12:00,Stepped,Compartmental,White Marble,Colored Cotton,15,4,32.3,957.3,76.8,4456
2025-03-01,13:00,Single,Corrugated,Blue Metal,Glass Wool,20,3,37.0,784.2,68.2,4216
2025-03-01,14:00,Stepped,Plain,Blue Metal,Coir,10,5,34.4,762.0,72.8,4128
2025-03-01,15:00,Single,Compartmental,Kadappa Gravel,Black Cotton,25,4,37.2,722.9,81.5,4337
2025-03-01,16:00,Stepped,Compartmental with Fins,White Marble,Colored Cotton,10,4,35.7,548.5,68.1,3716
2025-03-01,17:00,Stepped,Corrugated with Fins,White Marble,Glass Wool,10,5,32.0,307.0,77.9,3033
2025-03-01,18:00,Single,Corrugated,Pebbles,Black Jute,10,4,30.7,114.9,80.5,2766
2025-03-02,07:00,Single,Plain,White Marble,Black Jute,20,3,29.7,114.8,76.1,2248
2025-03-02,09:00,Single,Corrugated with Fins,Black Granite,Sponge,20,4,31.5,325.7,75.3,3396
2025-03-02,10:00,Stepped,Corrugated,Kadappa Gravel,Glass Wool,25,5,29.5,469.0,82.9,3733
2025-03-02,11:00,Single,Corrugated,Kadappa Gravel,Black Cotton,30,4,34.4,794.4,75.2,3973
2025-03-02,12:00,Single,Compartmental,Blue Metal,Black Jute,15,4,36.7,1019.8,84.4,4500
2025-03-02,13:00,Stepped,Compartmental,Pebbles,Colored Cotton,10,4,35.5,787.8,72.8,4483
2025-03-02,14:00,Stepped,Compartmental with Fins,Kadappa Gravel,Black Cotton,25,4,33.0,1067.6,73.2,4500
2025-03-02,15:00,Stepped,Compartmental,Pebbles,Coir,20,3,36.7,751.4,70.1,4142
2025-03-02,16:00,Stepped,Compartmental,Black Granite,Black Jute,25,5,36.1,565.5,72.7,3954
2025-03-02,17:00,Stepped,Compartmental with Fins,Pebbles,Colored Cotton,20,3,33.1,468.8,72.5,3788
2025-03-02,18:00,Stepped,Corrugated with Fins,Black Granite,Glass Wool,10,5,29.1,263.6,69.5,3555
2025-03-03,07:00,Stepped,Corrugated with Fins,Kadappa Gravel,Glass Wool,20,3,28.1,167.5,80.6,3308
2025-03-03,08:00,Single,Compartmental with Fins,Pebbles,Colored Cotton,15,5,29.3,309.1,79.7,2895
2025-03-03,09:00,Single,Plain,Pebbles,Coir,10,5,28.5,241.5,81.2,2527
2025-03-03,10:00,Stepped,Corrugated,Black Granite,Sponge,20,5,31.3,495.9,79.4,3892
2025-03-03,11:00,Stepped,Corrugated,Kadappa Gravel,Black Jute,30,4,32.2,764.3,77.7,4222
2025-03-03,12:00,Stepped,Corrugated,Pebbles,Coir,20,5,32.7,1016.6,78.9,4424
2025-03-03,13:00,Stepped,Plain,White Marble,Black Cotton,15,3,33.5,971.7,71.3,4500
2025-03-03,14:00,Stepped,Compartmental with Fins,Pebbles,Black Cotton,25,3,37.4,815.3,70.5,4500
2025-03-03,15:00,Stepped,Compartmental with Fins,Black Granite,Coir,20,5,35.7,705.7,67.9,4474
2025-03-03,16:00,Stepped,Compartmental with Fins,White Marble,Colored Cotton,20,3,36.7,480.3,67.8,3587
2025-03-03,17:00,Single,Compartmental,Black Granite,Glass Wool,30,4,31.0,445.2,83.2,3398
2025-03-03,18:00,Single,Plain,White Marble,Colored Cotton,20,5,31.0,279.4,78.9,2472
2025-03-04,07:00,Stepped,Plain,Kadappa Gravel,Black Cotton,10,4,26.5,245.2,85.0,3611
2025-03-04,08:00,Stepped,Plain,Black Granite,Black Jute,30,3,30.4,202.8,79.7,2724
2025-03-04,09:00,Stepped,Compartmental,Pebbles,Colored Cotton,30,4,30.7,417.8,73.4,3199
2025-03-04,10:00,Single,Compartmental,Black Granite,Coir,30,4,32.5,476.9,80.7,2916
2025-03-04,11:00,Stepped,Plain,Pebbles,Black Jute,25,4,33.5,856.6,78.1,4377
2025-03-04,12:00,Single,Corrugated with Fins,Black Granite,Colored Cotton,20,5,33.3,842.8,78.6,4304
2025-03-04,13:00,Stepped,Plain,White Marble,Sponge,15,3,36.4,925.9,70.3,4500
2025-03-04,14:00,Stepped,Plain,Kadappa Gravel,Colored Cotton,30,3,34.7,848.3,73.5,4115
2025-03-04,15:00,Single,Corrugated with Fins,Kadappa Gravel,Black Jute,30,3,36.7,791.3,69.2,4275
2025-03-04,16:00,Single,Compartmental with Fins,Kadappa Gravel,Glass Wool,15,3,33.9,598.2,70.6,4150
2025-03-04,17:00,Stepped,Corrugated,Blue Metal,Black Cotton,20,3,33.0,408.8,71.9,3751
2025-03-04,18:00,Single,Compartmental with Fins,Pebbles,Black Jute,10,5,29.6,275.5,83.0,3348
2025-03-05,07:00,Single,Corrugated,Black Granite,Sponge,15,5,30.6,158.7,80.3,2933
2025-03-05,08:00,Stepped,Plain,Kadappa Gravel,Sponge,10,3,34.9,439.5,78.5,4097
2025-03-05,09:00,Stepped,Compartmental with Fins,Black Granite,Colored Cotton,10,4,30.3,319.8,74.1,3559
2025-03-05,11:00,Stepped,Corrugated with Fins,Blue Metal,Glass Wool,10,4,31.6,808.7,77.0,4500
2025-03-05,12:00,Single,Compartmental with Fins,Black Granite,Colored Cotton,30,4,34.9,956.8,71.2,4459
2025-03-05,14:00,Stepped,Plain,Black Granite,Coir,25,4,34.4,1019.5,75.9,4310
2025-03-05,15:00,Single,Compartmental,White Marble,Black Cotton,10,4,38.3,942.1,74.5,4500
2025-03-05,16:00,Single,Plain,Kadappa Gravel,Sponge,30,5,35.1,536.3,77.1,3145
2025-03-05,17:00,Stepped,Compartmental,Blue Metal,Glass Wool,20,4,30.3,223.5,80.6,3200
2025-03-05,18:00,Stepped,Plain,Black Granite,Colored Cotton,30,5,30.8,131.3,79.3,2258
2025-03-06,07:00,Single,Compartmental,White Marble,Black Jute,25,4,30.4,156.0,85.0,2489
2025-03-06,09:00,Stepped,Compartmental,White Marble,Colored Cotton,10,4,29.3,214.7,84.9,2847
2025-03-06,10:00,Stepped,Corrugated with Fins,Pebbles,Sponge,15,5,32.5,562.1,72.4,4173
2025-03-06,11:00,Stepped,Plain,Black Granite,Black Cotton,10,4,31.3,604.3,76.4,4201
2025-03-06,13:00,Single,Corrugated with Fins,Kadappa Gravel,Glass Wool,10,5,33.4,972.3,74.4,4500
2025-03-06,14:00,Stepped,Plain,White Marble,Sponge,25,5,39.5,1049.8,63.6,4346
2025-03-06,15:00,Single,Corrugated with Fins,Blue Metal,Sponge,20,3,34.7,810.7,73.7,4458
2025-03-06,16:00,Single,Corrugated,White Marble,Black Jute,10,4,35.4,542.2,78.9,3233
2025-03-06,17:00,Stepped,Plain,Pebbles,Glass Wool,15,4,29.9,482.4,80.8,3502
2025-03-06,18:00,Single,Compartmental with Fins,Pebbles,Black Cotton,15,4,31.6,163.8,74.7,3146
2025-03-07,07:00,Stepped,Corrugated with Fins,Pebbles,Black Cotton,15,3,27.5,225.8,83.5,3531
2025-03-07,08:00,Stepped,Plain,Kadappa Gravel,Colored Cotton,10,3,30.4,253.2,81.5,3363
2025-03-07,09:00,Single,Compartmental,White Marble,Coir,20,3,30.2,304.6,83.9,2582
2025-03-07,10:00,Stepped,Corrugated with Fins,Pebbles,Glass Wool,30,3,31.0,568.3,76.9,3811
2025-03-07,11:00,Single,Corrugated,Kadappa Gravel,Glass Wool,10,5,34.1,848.3,79.3,4455
2025-03-07,12:00,Single,Corrugated with Fins,White Marble,Colored Cotton,25,4,33.9,886.2,73.2,3668
2025-03-07,13:00,Stepped,Compartmental,Pebbles,Black Jute,30,3,37.2,907.0,66.4,4259
2025-03-07,14:00,Stepped,Compartmental,Black Granite,Sponge,30,4,37.2,1027.1,67.6,4500
2025-03-07,15:00,Stepped,Plain,Kadappa Gravel,Coir,30,3,38.2,673.4,67.9,3754
2025-03-07,16:00,Single,Corrugated,Pebbles,Black Jute,15,4,36.4,572.3,69.5,3622
2025-03-07,17:00,Stepped,Corrugated with Fins,Black Granite,Black Cotton,25,5,34.2,224.4,68.2,3145
2025-03-07,18:00,Stepped,Corrugated,Kadappa Gravel,Coir,30,5,31.0,255.4,69.7,2992
2025-03-08,07:00,Single,Compartmental with Fins,Blue Metal,Colored Cotton,20,3,28.5,193.7,82.1,2808
2025-03-08,08:00,Stepped,Plain,White Marble,Black Cotton,25,3,31.4,488.7,71.6,3226
2025-03-08,09:00,Stepped,Compartmental with Fins,White Marble,Glass Wool,25,5,30.7,285.2,78.5,3085
2025-03-08,10:00,Stepped,Corrugated with Fins,Black Granite,Coir,10,4,31.4,563.8,85.0,4264
2025-03-08,12:00,Single,Compartmental with Fins,White Marble,Colored Cotton,20,3,37.2,969.6,73.9,4340
2025-03-08,13:00,Stepped,Plain,Kadappa Gravel,Coir,30,4,34.4,847.1,73.1,3789
2025-03-08,14:00,Single,Compartmental,Pebbles,Colored Cotton,20,3,33.3,777.2,76.4,4169
2025-03-08,15:00,Stepped,Corrugated,Black Granite,Glass Wool,10,5,34.7,855.8,69.8,4500
2025-03-08,17:00,Single,Corrugated with Fins,Pebbles,Colored Cotton,15,3,35.6,479.8,72.0,3475
2025-03-08,18:00,Single,Corrugated,Pebbles,Black Jute,15,5,29.6,176.2,79.0,2830
2025-03-09,07:00,Single,Plain,Kadappa Gravel,Colored Cotton,25,4,27.6,111.3,82.9,2403
2025-03-09,08:00,Stepped,Compartmental with Fins,Blue Metal,Sponge,20,3,29.6,483.4,77.7,4227
2025-03-09,09:00,Stepped,Plain,White Marble,Coir,20,4,29.8,241.8,79.7,2641
2025-03-09,10:00,Single,Corrugated with Fins,Blue Metal,Black Cotton,20,4,29.6,578.1,73.3,4100
2025-03-09,11:00,Stepped,Plain,Black Granite,Sponge,20,3,31.7,818.7,83.1,4500
2025-03-09,12:00,Single,Compartmental with Fins,Blue Metal,Glass Wool,25,4,34.5,943.2,77.7,4431
2025-03-09,13:00,Single,Compartmental,Blue Metal,Colored Cotton,15,4,35.2,760.1,75.4,4174
2025-03-09,14:00,Stepped,Compartmental with Fins,Kadappa Gravel,Black Cotton,25,3,37.0,797.7,63.6,4500
2025-03-09,15:00,Stepped,Plain,Blue Metal,Colored Cotton,15,3,35.4,851.9,73.4,4165
2025-03-09,16:00,Single,Compartmental,White Marble,Glass Wool,30,5,36.4,506.2,75.2,2760
2025-03-09,17:00,Single,Corrugated with Fins,Pebbles,Sponge,25,4,34.0,277.5,75.7,2971
2025-03-09,18:00,Stepped,Compartmental with Fins,Black Granite,Colored Cotton,20,3,31.2,226.7,77.1,3383
2025-03-10,07:00,Stepped,Plain,Blue Metal,Colored Cotton,25,4,29.3,169.1,79.6,2712
2025-03-10,08:00,Stepped,Compartmental with Fins,Kadappa Gravel,Sponge,10,5,29.8,257.7,75.9,3702
2025-03-10,09:00,Single,Corrugated with Fins,Pebbles,Colored Cotton,25,3,29.7,219.8,79.6,2430
2025-03-10,10:00,Single,Corrugated with Fins,Blue Metal,Coir,20,3,31.4,529.3,79.4,3647
2025-03-10,11:00,Single,Compartmental,Blue Metal,Sponge,10,4,31.9,849.8,73.7,4500
2025-03-10,12:00,Stepped,Corrugated,Kadappa Gravel,Sponge,25,3,32.6,919.6,69.9,4500
2025-03-10,14:00,Single,Corrugated,Kadappa Gravel,Black Cotton,20,3,35.6,762.8,75.7,4339
2025-03-10,15:00,Single,Corrugated with Fins,Blue Metal,Black Jute,30,4,37.0,800.5,66.7,3899
2025-03-10,16:00,Single,Corrugated,Kadappa Gravel,Colored Cotton,30,3,30.7,626.9,74.9,3325
2025-03-10,17:00,Stepped,Plain,White Marble,Sponge,15,4,32.8,296.6,73.1,2913
2025-03-10,18:00,Stepped,Compartmental,Kadappa Gravel,Glass Wool,15,4,32.6,257.8,72.4,3424
2025-03-11,07:00,Stepped,Corrugated,Pebbles,Colored Cotton,30,4,30.0,249.1,74.8,2669
2025-03-11,08:00,Stepped,Corrugated with Fins,White Marble,Glass Wool,30,4,27.0,393.8,74.9,3128
2025-03-11,09:00,Single,Corrugated,Blue Metal,Black Jute,20,3,30.2,307.5,77.3,3013
2025-03-11,10:00,Stepped,Corrugated with Fins,Blue Metal,Black Cotton,30,3,30.3,507.9,77.1,3787
2025-03-11,11:00,Stepped,Plain,Kadappa Gravel,Sponge,25,5,32.0,749.0,66.5,4337
2025-03-11,12:00,Single,Compartmental,Black Granite,Black Jute,25,4,34.3,1052.9,71.6,4500
2025-03-11,13:00,Single,Compartmental,Black Granite,Coir,30,4,34.1,1075.3,82.3,4378
2025-03-11,14:00,Single,Compartmental,Black Granite,Sponge,15,3,34.9,815.5,70.1,4439
2025-03-11,15:00,Stepped,Plain,Pebbles,Black Jute,15,3,35.6,701.1,73.3,4067
2025-03-11,16:00,Stepped,Compartmental,Kadappa Gravel,Colored Cotton,25,4,31.9,573.7,76.4,3760
2025-03-11,17:00,Single,Plain,Black Granite,Sponge,15,3,32.9,301.0,73.1,3271
2025-03-11,18:00,Stepped,Plain,Pebbles,Black Jute,20,3,32.4,219.1,66.2,2870
2025-03-12,07:00,Single,Corrugated,White Marble,Colored Cotton,30,4,28.2,266.1,81.8,2242
2025-03-12,08:00,Single,Plain,White Marble,Glass Wool,30,3,31.5,452.5,78.6,2465
2025-03-12,09:00,Single,Corrugated,Pebbles,Coir,10,5,29.3,276.6,81.4,2723
2025-03-12,11:00,Stepped,Corrugated,Blue Metal,Coir,15,5,36.0,816.2,75.3,4233
2025-03-12,12:00,Single,Compartmental with Fins,Pebbles,Black Cotton,30,5,33.8,903.7,71.7,3984
2025-03-12,13:00,Single,Compartmental,White Marble,Black Cotton,25,4,34.3,926.0,75.1,4014
2025-03-12,14:00,Stepped,Plain,Pebbles,Black Cotton,20,3,32.7,1067.3,72.2,4500
2025-03-12,15:00,Single,Compartmental with Fins,Pebbles,Black Jute,10,4,36.4,808.7,67.8,4500
2025-03-12,16:00,Stepped,Corrugated,White Marble,Colored Cotton,25,5,36.3,566.0,75.3,3229
2025-03-12,18:00,Single,Corrugated,Black Granite,Colored Cotton,25,3,31.9,162.3,80.0,2480
2025-03-13,07:00,Stepped,Corrugated,Black Granite,Black Jute,10,4,27.8,252.5,80.2,3535
2025-03-13,08:00,Stepped,Compartmental with Fins,White Marble,Glass Wool,25,4,28.4,245.0,83.9,2817
2025-03-13,10:00,Single,Corrugated,Pebbles,Sponge,10,5,33.3,587.6,76.7,3979
2025-03-13,11:00,Stepped,Corrugated with Fins,Black Granite,Sponge,25,4,31.0,752.3,70.7,4500
2025-03-13,12:00,Stepped,Compartmental,Pebbles,Black Jute,25,5,34.3,803.7,74.5,4500
2025-03-13,13:00,Stepped,Corrugated with Fins,Blue Metal,Sponge,10,5,35.6,1055.2,72.7,4500
2025-03-13,14:00,Stepped,Plain,White Marble,Glass Wool,15,5,36.3,997.5,72.4,4163
2025-03-13,15:00,Stepped,Corrugated with Fins,Black Granite,Black Cotton,20,5,38.4,718.3,69.7,4500
2025-03-13,16:00,Stepped,Corrugated with Fins,White Marble,Glass Wool,25,3,35.6,530.0,82.5,3597
2025-03-13,17:00,Stepped,Corrugated with Fins,White Marble,Black Cotton,20,5,32.7,300.6,71.8,3082
2025-03-13,18:00,Stepped,Corrugated with Fins,Black Granite,Black Cotton,25,4,31.4,169.3,82.4,3120
2025-03-14,07:00,Single,Plain,Kadappa Gravel,Glass Wool,25,3,28.1,190.5,80.3,2586
2025-03-14,08:00,Single,Plain,Kadappa Gravel,Colored Cotton,20,4,29.0,474.5,84.5,3046
2025-03-14,09:00,Stepped,Compartmental with Fins,Black Granite,Glass Wool,15,5,30.8,244.8,74.9,3444
2025-03-14,10:00,Stepped,Corrugated with Fins,Pebbles,Coir,10,5,31.5,535.5,74.5,3892
2025-03-14,11:00,Single,Compartmental with Fins,Pebbles,Coir,20,5,33.9,751.8,73.9,3908
2025-03-14,13:00,Stepped,Corrugated,Black Granite,Black Cotton,15,4,33.9,773.0,73.3,4500
2025-03-14,15:00,Stepped,Compartmental with Fins,Black Granite,Sponge,20,5,37.2,639.7,75.3,4353
2025-03-14,16:00,Stepped,Corrugated,Blue Metal,Sponge,25,3,33.8,514.9,68.8,3672
2025-03-14,17:00,Single,Corrugated,Black Granite,Coir,15,5,35.5,207.6,74.4,2633
2025-03-14,18:00,Stepped,Plain,Pebbles,Colored Cotton,20,5,31.3,144.4,80.3,2455
2025-03-15,07:00,Single,Compartmental with Fins,Blue Metal,Sponge,20,3,29.3,230.5,78.5,3157
2025-03-15,08:00,Single,Corrugated with Fins,Blue Metal,Black Jute,10,3,27.7,456.7,80.3,3879
2025-03-15,09:00,Single,Corrugated,White Marble,Black Cotton,20,5,30.9,241.0,80.3,2638
2025-03-15,10:00,Stepped,Compartmental,Blue Metal,Black Jute,30,3,29.4,555.0,83.4,3658
2025-03-15,11:00,Single,Corrugated with Fins,White Marble,Colored Cotton,25,5,34.4,767.4,70.9,3276
2025-03-15,12:00,Stepped,Compartmental,Blue Metal,Black Cotton,15,4,35.3,968.5,77.6,4500
2025-03-15,13:00,Single,Compartmental,White Marble,Colored Cotton,30,4,34.8,1082.0,71.1,3765
2025-03-15,14:00,Single,Compartmental with Fins,Blue Metal,Black Jute,15,4,37.7,1063.1,68.5,4500
2025-03-15,15:00,Single,Plain,Blue Metal,Black Jute,20,3,36.6,928.1,68.6,4179
2025-03-15,16:00,Single,Corrugated with Fins,Kadappa Gravel,Sponge,30,4,34.6,458.1,67.0,3526
2025-03-15,18:00,Single,Corrugated with Fins,Kadappa Gravel,Colored Cotton,30,4,32.4,265.9,77.2,2944
2025-03-16,07:00,Single,Corrugated with Fins,Blue Metal,Glass Wool,10,5,30.0,135.1,78.3,2891
2025-03-16,08:00,Single,Compartmental with Fins,Blue Metal,Black Jute,15,5,25.5,214.1,85.0,2962
2025-03-16,09:00,Stepped,Compartmental with Fins,Black Granite,Black Cotton,10,3,28.9,317.0,77.9,3872
2025-03-16,10:00,Stepped,Corrugated,Blue Metal,Coir,30,5,29.3,480.0,76.0,3205
2025-03-16,11:00,Single,Compartmental,Blue Metal,Sponge,20,4,36.8,741.8,72.8,4160
2025-03-16,12:00,Single,Compartmental,Pebbles,Coir,10,5,35.5,760.9,74.9,3693
2025-03-16,13:00,Single,Corrugated,White Marble,Coir,25,4,34.6,958.9,78.1,3419
2025-03-16,14:00,Single,Corrugated with Fins,Blue Metal,Black Jute,20,5,38.7,990.9,62.4,4500
2025-03-16,15:00,Stepped,Corrugated with Fins,White Marble,Black Jute,20,5,36.4,828.7,67.0,4483
2025-03-16,17:00,Single,Corrugated with Fins,Kadappa Gravel,Coir,10,4,34.6,227.5,73.2,3180
2025-03-17,07:00,Stepped,Corrugated,Kadappa Gravel,Black Cotton,10,4,26.5,274.6,85.0,3742
2025-03-17,08:00,Stepped,Compartmental with Fins,White Marble,Black Jute,15,4,30.7,454.8,77.9,3536
2025-03-17,09:00,Stepped,Corrugated,Kadappa Gravel,Coir,30,4,30.3,331.6,79.7,2864
2025-03-17,10:00,Stepped,Corrugated with Fins,White Marble,Black Cotton,10,4,32.9,470.6,75.4,3999
2025-03-17,11:00,Stepped,Corrugated,Kadappa Gravel,Glass Wool,20,3,32.9,800.5,79.3,4500
2025-03-17,12:00,Single,Corrugated with Fins,White Marble,Glass Wool,25,4,33.7,830.5,70.4,3859
2025-03-17,14:00,Single,Plain,White Marble,Black Jute,20,5,36.2,860.4,77.3,3608
2025-03-17,15:00,Stepped,Compartmental,Pebbles,Black Cotton,25,3,33.3,860.7,76.1,4500
2025-03-17,16:00,Single,Corrugated with Fins,Blue Metal,Sponge,10,4,36.0,540.4,69.7,4145
2025-03-17,17:00,Stepped,Compartmental with Fins,Pebbles,Glass Wool,30,3,32.3,462.1,69.5,3315
2025-03-17,18:00,Single,Plain,White Marble,Sponge,20,5,32.5,122.1,70.6,2167
2025-03-18,07:00,Stepped,Corrugated,Kadappa Gravel,Glass Wool,30,4,27.4,108.4,74.4,2500
2025-03-18,08:00,Single,Plain,Black Granite,Black Jute,20,4,30.1,485.0,82.8,3351
2025-03-18,10:00,Stepped,Corrugated,Blue Metal,Glass Wool,15,4,32.3,532.5,71.7,3883
2025-03-18,11:00,Stepped,Corrugated,White Marble,Glass Wool,20,5,33.6,808.8,75.8,4271
2025-03-18,13:00,Stepped,Compartmental with Fins,Blue Metal,Glass Wool,25,5,34.8,827.2,75.5,4434
2025-03-18,14:00,Stepped,Compartmental,Black Granite,Sponge,20,5,35.7,1089.2,77.8,4500
2025-03-18,15:00,Single,Compartmental,Blue Metal,Sponge,10,5,36.3,748.8,69.3,4365
2025-03-18,16:00,Stepped,Corrugated with Fins,Blue Metal,Glass Wool,15,5,32.1,547.6,82.6,4239
2025-03-18,17:00,Single,Compartmental with Fins,White Marble,Black Jute,30,5,32.3,466.6,78.4,3068
2025-03-18,18:00,Stepped,Corrugated,Kadappa Gravel,Black Cotton,30,5,31.4,181.7,71.7,2861
2025-03-19,07:00,Single,Corrugated,Black Granite,Coir,20,4,31.2,116.2,80.3,2381
2025-03-19,08:00,Single,Compartmental,Kadappa Gravel,Coir,30,5,27.8,377.7,79.7,2946
2025-03-19,09:00,Stepped,Plain,Kadappa Gravel,Glass Wool,15,5,32.8,346.8,78.0,3348
2025-03-19,10:00,Stepped,Compartmental,Blue Metal,Coir,20,3,33.0,570.9,78.7,3899
2025-03-19,11:00,Stepped,Compartmental with Fins,Pebbles,Glass Wool,20,5,34.6,862.8,79.0,4500
2025-03-19,12:00,Stepped,Compartmental with Fins,White Marble,Black Jute,15,4,34.6,867.3,70.7,4500
2025-03-19,13:00,Stepped,Corrugated,Pebbles,Sponge,15,5,36.2,927.6,72.4,4500
2025-03-19,14:00,Stepped,Corrugated with Fins,White Marble,Sponge,30,5,37.1,971.9,76.4,4386
2025-03-19,15:00,Stepped,Corrugated with Fins,Black Granite,Glass Wool,30,4,35.0,814.8,75.2,4415
2025-03-19,16:00,Stepped,Corrugated with Fins,Kadappa Gravel,Sponge,10,4,32.2,608.0,77.0,4500
2025-03-19,17:00,Single,Corrugated with Fins,White Marble,Colored Cotton,20,5,32.2,412.5,76.8,2860
2025-03-19,18:00,Stepped,Corrugated,Kadappa Gravel,Glass Wool,20,5,29.0,109.1,81.7,2802
2025-03-20,08:00,Stepped,Corrugated,Black Granite,Glass Wool,30,3,26.0,431.1,81.5,3597
2025-03-20,09:00,Single,Plain,Blue Metal,Black Jute,15,3,26.7,219.0,84.7,2738
2025-03-20,10:00,Single,Compartmental,Pebbles,Colored Cotton,25,3,32.4,474.2,77.2,3056
2025-03-20,11:00,Single,Plain,Blue Metal,Black Jute,25,5,34.2,721.9,76.6,3448
2025-03-20,12:00,Stepped,Compartmental,Kadappa Gravel,Sponge,20,4,32.8,889.2,79.2,4500
2025-03-20,13:00,Single,Plain,Blue Metal,Black Jute,30,5,34.6,760.9,68.5,3505
2025-03-20,14:00,Single,Corrugated,White Marble,Black Jute,10,4,37.7,1088.9,70.9,4500
2025-03-20,15:00,Stepped,Corrugated,Pebbles,Black Cotton,10,4,36.7,841.2,72.9,4500
2025-03-20,16:00,Single,Corrugated with Fins,Pebbles,Coir,30,5,34.9,478.8,78.1,2933
2025-03-20,17:00,Stepped,Corrugated,Blue Metal,Coir,20,3,32.8,237.6,73.0,3200
2025-03-20,18:00,Single,Corrugated with Fins,Kadappa Gravel,Colored Cotton,25,5,29.1,112.8,73.7,2657
2025-03-21,07:00,Stepped,Corrugated,Black Granite,Colored Cotton,20,4,30.0,191.0,77.2,2727
2025-03-21,08:00,Single,Corrugated,Blue Metal,Colored Cotton,25,4,30.2,408.5,80.2,2966
2025-03-21,09:00,Stepped,Plain,White Marble,Colored Cotton,10,3,29.1,304.4,79.0,2935
2025-03-21,10:00,Single,Compartmental,Pebbles,Black Jute,10,4,31.3,679.5,79.6,4241
2025-03-21,11:00,Stepped,Corrugated,White Marble,Sponge,20,4,32.9,746.2,74.4,4103
2025-03-21,12:00,Single,Corrugated with Fins,Pebbles,Colored Cotton,15,3,33.3,796.5,82.2,4305
2025-03-21,13:00,Single,Compartmental,Pebbles,Black Jute,25,5,36.4,808.6,72.4,3741
2025-03-21,14:00,Stepped,Plain,Pebbles,Sponge,30,3,36.5,1054.8,74.7,4500
2025-03-21,15:00,Single,Corrugated,White Marble,Black Jute,25,5,34.8,861.7,78.6,3575
2025-03-21,16:00,Stepped,Compartmental,Blue Metal,Coir,30,5,33.4,659.9,81.9,3556
2025-03-21,17:00,Single,Corrugated,Blue Metal,Black Cotton,30,4,32.1,461.5,72.3,3063
2025-03-21,18:00,Stepped,Plain,Blue Metal,Black Cotton,10,5,33.0,199.6,82.3,3185
2025-03-22,08:00,Single,Compartmental with Fins,Blue Metal,Black Jute,15,4,29.3,259.9,77.9,3233
2025-03-22,09:00,Stepped,Plain,Kadappa Gravel,Colored Cotton,30,4,29.8,371.3,82.9,3154
2025-03-22,11:00,Single,Compartmental with Fins,White Marble,Black Cotton,25,3,31.5,686.9,71.0,4089
2025-03-22,12:00,Stepped,Compartmental,Blue Metal,Black Cotton,30,4,37.1,1055.7,69.8,4500
2025-03-22,13:00,Stepped,Plain,White Marble,Sponge,10,5,33.2,1069.3,77.3,4500
2025-03-22,14:00,Single,Compartmental with Fins,Black Granite,Black Cotton,25,4,37.2,796.0,72.4,4500
2025-03-22,15:00,Single,Compartmental with Fins,Black Granite,Black Cotton,25,3,34.6,765.7,73.4,4500
2025-03-22,16:00,Stepped,Compartmental,Kadappa Gravel,Black Jute,25,4,33.8,568.0,77.5,3702
2025-03-22,17:00,Stepped,Compartmental,White Marble,Coir,10,5,30.2,249.1,80.2,2877
2025-03-22,18:00,Single,Corrugated with Fins,Black Granite,Black Jute,30,4,29.4,165.0,77.8,2722
2025-03-23,07:00,Single,Corrugated,Black Granite,Black Cotton,20,4,29.2,147.2,71.5,2898
2025-03-23,08:00,Stepped,Compartmental with Fins,White Marble,Black Jute,15,4,30.9,274.6,83.9,3395
2025-03-23,09:00,Stepped,Corrugated,Pebbles,Black Jute,10,3,29.5,284.9,78.3,3643
2025-03-23,10:00,Stepped,Compartmental with Fins,Black Granite,Black Jute,15,3,31.9,558.3,80.8,4500
2025-03-23,11:00,Single,Compartmental with Fins,Black Granite,Coir,30,5,32.6,783.2,75.6,3780
2025-03-23,12:00,Single,Corrugated,Black Granite,Coir,25,3,34.5,763.8,73.1,3621
2025-03-23,13:00,Single,Plain,Kadappa Gravel,Glass Wool,20,3,36.2,927.5,75.2,4418
2025-03-23,15:00,Stepped,Compartmental with Fins,Blue Metal,Colored Cotton,20,3,31.2,858.6,85.0,4500
2025-03-23,16:00,Stepped,Corrugated,Blue Metal,Black Jute,25,4,32.8,601.9,78.0,3691
2025-03-23,17:00,Stepped,Plain,Blue Metal,Glass Wool,15,5,35.7,460.4,74.3,3355
2025-03-23,18:00,Stepped,Compartmental with Fins,White Marble,Black Cotton,20,5,34.3,223.6,74.7,3294
2025-03-24,07:00,Stepped,Compartmental with Fins,Pebbles,Colored Cotton,25,4,30.3,143.1,74.3,3031
2025-03-24,08:00,Single,Corrugated with Fins,White Marble,Black Jute,30,4,29.5,397.4,79.3,2817
2025-03-24,09:00,Single,Corrugated,Pebbles,Colored Cotton,15,4,30.6,325.1,84.7,2980
2025-03-24,10:00,Single,Compartmental with Fins,White Marble,Coir,30,5,32.7,520.8,80.5,2658
2025-03-24,11:00,Single,Compartmental,Kadappa Gravel,Sponge,15,4,33.9,834.6,73.1,4500
2025-03-24,12:00,Single,Compartmental,Pebbles,Black Cotton,30,5,34.6,940.6,68.4,3872
2025-03-24,13:00,Single,Plain,Pebbles,Coir,30,5,37.9,907.0,67.0,3072
2025-03-24,14:00,Single,Plain,Kadappa Gravel,Glass Wool,30,3,37.5,966.8,61.0,3927
2025-03-24,15:00,Stepped,Corrugated,Pebbles,Sponge,10,3,37.3,802.3,68.5,4500
2025-03-24,17:00,Single,Plain,White Marble,Black Jute,30,5,30.6,319.6,82.4,2562
2025-03-24,18:00,Single,Compartmental,Kadappa Gravel,Glass Wool,20,4,32.1,262.6,75.4,3113
2025-03-25,07:00,Stepped,Compartmental,Blue Metal,Colored Cotton,20,4,29.4,120.3,73.0,2792
2025-03-25,08:00,Stepped,Corrugated with Fins,Blue Metal,Coir,25,3,27.4,440.9,74.4,3525
2025-03-25,09:00,Stepped,Corrugated with Fins,Kadappa Gravel,Sponge,20,4,31.2,396.7,75.2,3784
2025-03-25,10:00,Single,Compartmental with Fins,Kadappa Gravel,Colored Cotton,15,3,31.1,527.4,73.9,4039
2025-03-25,11:00,Stepped,Compartmental with Fins,Blue Metal,Glass Wool,25,4,33.2,909.6,75.8,4500
2025-03-25,12:00,Single,Corrugated,Pebbles,Black Jute,25,5,34.3,942.6,74.3,3947
2025-03-25,13:00,Single,Compartmental,Blue Metal,Colored Cotton,20,4,36.4,1036.7,70.2,4500
2025-03-25,14:00,Stepped,Compartmental,White Marble,Black Jute,20,3,34.1,893.9,69.2,4439
2025-03-25,15:00,Single,Compartmental with Fins,White Marble,Black Jute,30,5,36.9,755.7,69.5,3641
2025-03-25,16:00,Single,Compartmental with Fins,Black Granite,Black Cotton,10,3,34.8,495.0,69.9,4469
2025-03-25,17:00,Stepped,Corrugated,Kadappa Gravel,Black Cotton,15,3,33.3,421.1,73.6,4095
2025-03-25,18:00,Single,Compartmental with Fins,White Marble,Sponge,10,5,33.7,209.3,72.3,2779
2025-03-26,07:00,Stepped,Compartmental,Black Granite,Black Cotton,30,5,32.4,297.6,77.8,3155
2025-03-26,08:00,Stepped,Plain,Black Granite,Glass Wool,20,5,26.2,415.3,85.0,3613
2025-03-26,09:00,Stepped,Plain,Blue Metal,Colored Cotton,25,3,29.7,283.1,77.0,2765
2025-03-26,10:00,Single,Plain,Blue Metal,Black Jute,15,3,29.5,496.5,79.8,3309
2025-03-26,11:00,Stepped,Corrugated with Fins,Pebbles,Coir,10,4,30.5,812.8,79.7,4500
2025-03-26,12:00,Stepped,Compartmental,Blue Metal,Black Jute,15,4,35.0,866.6,75.8,4500
2025-03-26,13:00,Single,Plain,Black Granite,Coir,25,4,38.2,771.0,71.4,3530
2025-03-26,14:00,Stepped,Plain,Black Granite,Colored Cotton,15,3,34.6,820.3,69.8,4500
2025-03-26,15:00,Stepped,Compartmental,Pebbles,Glass Wool,10,5,35.1,893.8,78.1,4500
2025-03-26,16:00,Single,Corrugated,Kadappa Gravel,Colored Cotton,30,4,32.3,503.4,76.5,3218
2025-03-26,17:00,Stepped,Plain,Black Granite,Colored Cotton,20,5,34.7,387.1,74.1,3262
2025-03-26,18:00,Single,Corrugated,Pebbles,Black Cotton,15,5,31.1,256.4,73.4,2871
2025-03-27,07:00,Single,Compartmental,Black Granite,Sponge,15,5,28.2,287.4,73.9,3310
2025-03-27,08:00,Single,Compartmental with Fins,White Marble,Colored Cotton,30,4,25.9,380.2,85.0,2695
2025-03-27,09:00,Stepped,Corrugated,Black Granite,Glass Wool,20,3,30.0,320.9,77.5,3488
2025-03-27,10:00,Single,Compartmental,Kadappa Gravel,Black Cotton,20,5,33.0,509.1,77.6,3882
2025-03-27,11:00,Stepped,Corrugated with Fins,Black Granite,Colored Cotton,20,4,32.5,768.3,71.3,4500
2025-03-27,12:00,Stepped,Corrugated,Pebbles,Glass Wool,25,4,36.4,1091.5,75.7,4500
2025-03-27,14:00,Single,Compartmental with Fins,White Marble,Black Cotton,30,4,37.2,962.2,67.7,4215
2025-03-27,15:00,Single,Plain,Black Granite,Sponge,15,4,35.7,647.2,70.7,3802
2025-03-27,16:00,Single,Compartmental,Pebbles,Sponge,10,3,34.5,565.9,66.4,3840
2025-03-27,17:00,Single,Corrugated with Fins,White Marble,Sponge,20,3,33.3,231.7,70.2,2946
2025-03-27,18:00,Single,Plain,Kadappa Gravel,Coir,25,5,33.1,130.4,72.5,2286
2025-03-28,07:00,Stepped,Plain,Black Granite,Black Cotton,20,5,27.9,124.3,79.1,2888
2025-03-28,08:00,Single,Compartmental with Fins,Blue Metal,Sponge,25,3,29.3,352.8,73.7,3436
2025-03-28,10:00,Stepped,Compartmental,White Marble,Black Cotton,30,3,34.7,565.4,69.2,3527
2025-03-28,11:00,Single,Compartmental,Kadappa Gravel,Black Jute,20,4,34.3,791.1,71.8,4248
2025-03-28,12:00,Stepped,Compartmental,Kadappa Gravel,Black Cotton,15,4,33.9,1006.8,72.0,4500
2025-03-28,13:00,Stepped,Compartmental,Pebbles,Coir,10,4,36.2,937.4,67.6,4500
2025-03-28,14:00,Stepped,Corrugated,White Marble,Glass Wool,30,3,39.1,1045.5,68.0,4052
2025-03-28,15:00,Stepped,Plain,Kadappa Gravel,Sponge,10,4,34.2,772.2,73.2,4500
2025-03-28,18:00,Stepped,Compartmental with Fins,White Marble,Sponge,25,4,28.9,191.9,81.5,2974
2025-03-29,07:00,Stepped,Compartmental with Fins,Kadappa Gravel,Sponge,20,5,26.8,187.5,85.0,3371
2025-03-29,08:00,Single,Compartmental,Pebbles,Black Jute,25,4,28.2,397.8,82.3,3147
2025-03-29,09:00,Stepped,Compartmental,Blue Metal,Black Jute,20,4,30.2,267.4,73.9,3283
2025-03-29,10:00,Stepped,Compartmental,Pebbles,Black Cotton,30,3,33.9,540.7,73.4,3748
2025-03-29,11:00,Single,Compartmental with Fins,Black Granite,Colored Cotton,25,5,32.2,813.0,73.2,4316
2025-03-29,12:00,Single,Compartmental,Pebbles,Colored Cotton,10,4,32.4,1021.1,71.9,4500
2025-03-29,13:00,Stepped,Corrugated,Pebbles,Black Jute,20,5,36.6,842.8,73.5,4500
2025-03-29,14:00,Single,Compartmental,White Marble,Black Cotton,25,5,35.2,792.5,78.0,3767
2025-03-29,15:00,Stepped,Compartmental with Fins,White Marble,Glass Wool,30,5,38.8,826.1,65.8,4054
2025-03-29,16:00,Stepped,Compartmental with Fins,Black Granite,Sponge,30,5,34.8,538.8,79.3,4033
2025-03-29,17:00,Single,Plain,Kadappa Gravel,Colored Cotton,20,3,34.5,238.4,75.9,2791
2025-03-29,18:00,Single,Compartmental with Fins,White Marble,Sponge,25,3,29.4,186.4,85.0,2571
2025-03-30,07:00,Single,Plain,Pebbles,Black Jute,30,5,28.1,277.4,75.9,2509
2025-03-30,08:00,Single,Compartmental,Pebbles,Coir,25,5,29.5,454.0,79.0,2919
2025-03-30,10:00,Single,Corrugated with Fins,Black Granite,Coir,10,4,33.7,520.5,76.5,3837
2025-03-30,11:00,Stepped,Plain,Black Granite,Colored Cotton,15,4,34.6,838.5,74.2,4345
2025-03-30,12:00,Stepped,Corrugated with Fins,White Marble,Black Jute,30,4,33.4,1036.2,75.0,4280
2025-03-30,13:00,Stepped,Compartmental,Black Granite,Coir,25,4,36.7,939.8,72.0,4500
2025-03-30,14:00,Single,Corrugated with Fins,Black Granite,Colored Cotton,10,3,33.4,991.1,76.3,4500
2025-03-30,15:00,Stepped,Plain,Kadappa Gravel,Colored Cotton,15,5,36.3,761.4,70.5,4316
2025-03-30,16:00,Single,Compartmental with Fins,Kadappa Gravel,Sponge,30,4,33.0,585.1,80.5,3790
2025-03-30,17:00,Stepped,Corrugated,White Marble,Colored Cotton,15,3,30.8,419.9,73.3,3344
2025-03-30,18:00,Stepped,Compartmental,Black Granite,Colored Cotton,30,3,30.4,210.8,72.8,2766
2025-03-31,07:00,Stepped,Compartmental with Fins,White Marble,Coir,10,5,27.3,275.3,85.0,3072
2025-03-31,08:00,Single,Corrugated,Pebbles,Colored Cotton,10,5,30.5,317.5,85.0,2845
2025-03-31,09:00,Single,Compartmental with Fins,Kadappa Gravel,Sponge,20,3,29.1,375.8,80.8,3629
2025-03-31,10:00,Stepped,Plain,Pebbles,Colored Cotton,25,5,30.8,668.3,78.5,3435
2025-03-31,11:00,Stepped,Compartmental with Fins,White Marble,Glass Wool,25,5,35.7,910.4,78.7,4454
2025-03-31,12:00,Single,Corrugated with Fins,Pebbles,Coir,30,3,35.6,1038.8,68.9,4072
2025-03-31,13:00,Stepped,Compartmental with Fins,Blue Metal,Black Cotton,15,4,34.9,1024.7,76.9,4500
2025-03-31,14:00,Single,Corrugated,Pebbles,Black Cotton,15,4,37.2,801.6,67.5,4050
2025-03-31,15:00,Single,Compartmental with Fins,White Marble,Coir,30,3,35.4,793.8,78.6,3502
2025-03-31,16:00,Stepped,Compartmental,Kadappa Gravel,Coir,30,5,37.2,474.0,75.3,3423
2025-03-31,17:00,Single,Compartmental with Fins,Kadappa Gravel,Coir,20,3,31.4,451.9,82.1,3383
2025-03-31,18:00,Single,Corrugated with Fins,White Marble,Glass Wool,10,4,31.8,172.4,77.4,2484
2025-04-01,07:00,Single,Compartmental,Kadappa Gravel,Black Jute,25,5,31.3,151.9,81.6,2674
2025-04-01,08:00,Stepped,Compartmental,White Marble,Coir,25,4,32.7,440.8,71.1,2684
2025-04-01,09:00,Single,Plain,Blue Metal,Black Cotton,15,4,35.7,304.2,78.9,3005
2025-04-01,10:00,Single,Corrugated with Fins,Kadappa Gravel,Glass Wool,20,3,35.0,499.3,69.0,3823
2025-04-01,11:00,Stepped,Compartmental with Fins,White Marble,Glass Wool,30,3,37.7,844.7,69.4,4100
2025-04-01,12:00,Single,Corrugated with Fins,Blue Metal,Sponge,30,3,36.2,1067.2,68.2,4500
2025-04-01,13:00,Stepped,Compartmental with Fins,Kadappa Gravel,Coir,10,5,40.9,1021.8,65.8,4500
2025-04-01,14:00,Single,Corrugated with Fins,Black Granite,Coir,20,4,40.3,871.6,67.6,4373
2025-04-01,15:00,Single,Compartmental,Black Granite,Black Jute,15,5,38.7,840.9,68.1,4398
2025-04-01,16:00,Stepped,Compartmental with Fins,White Marble,Black Jute,30,3,36.0,588.5,67.3,3732
2025-04-01,17:00,Single,Corrugated,Black Granite,Glass Wool,20,5,39.5,491.6,61.2,3531
2025-04-01,18:00,Stepped,Compartmental with Fins,Blue Metal,Black Jute,20,5,33.1,270.1,79.4,3726
2025-04-02,07:00,Stepped,Corrugated with Fins,Blue Metal,Sponge,30,5,31.8,241.6,73.6,3052
2025-04-02,08:00,Single,Corrugated,White Marble,Black Cotton,20,5,27.7,249.7,80.0,2935
2025-04-02,09:00,Single,Corrugated,Kadappa Gravel,Black Jute,20,3,31.4,412.0,74.4,3474
2025-04-02,10:00,Stepped,Compartmental,Kadappa Gravel,Glass Wool,20,5,34.4,619.3,71.2,4195
2025-04-02,11:00,Stepped,Compartmental,White Marble,Black Cotton,10,4,36.8,761.1,68.1,4460
2025-04-02,12:00,Stepped,Corrugated with Fins,White Marble,Coir,20,5,36.3,931.8,72.8,4282
2025-04-02,13:00,Single,Plain,White Marble,Colored Cotton,20,3,36.2,1094.7,71.3,3892
2025-04-02,14:00,Stepped,Corrugated,White Marble,Black Jute,25,4,40.3,924.2,67.8,4094
2025-04-02,15:00,Stepped,Corrugated with Fins,Pebbles,Glass Wool,30,3,40.3,773.2,67.1,3968
2025-04-02,17:00,Stepped,Corrugated with Fins,Black Granite,Black Cotton,10,5,34.9,373.3,77.9,4082
2025-04-02,18:00,Stepped,Plain,Black Granite,Black Jute,25,4,34.0,206.6,76.1,2811
2025-04-03,07:00,Single,Compartmental,Kadappa Gravel,Colored Cotton,15,5,33.1,271.4,74.3,3119
2025-04-03,08:00,Stepped,Corrugated,Pebbles,Black Cotton,20,4,31.3,468.2,73.6,3819
2025-04-03,09:00,Single,Corrugated with Fins,Kadappa Gravel,Black Cotton,25,5,31.4,429.6,77.4,3732
2025-04-03,10:00,Stepped,Corrugated,White Marble,Colored Cotton,10,5,35.0,530.6,68.8,3557
2025-04-03,11:00,Single,Plain,Kadappa Gravel,Coir,10,3,37.3,787.5,75.0,4415
2025-04-03,12:00,Single,Compartmental with Fins,White Marble,Black Cotton,10,5,37.9,777.8,66.3,4394
2025-04-03,13:00,Stepped,Plain,White Marble,Colored Cotton,15,4,39.0,939.3,64.1,4316
2025-04-03,14:00,Single,Corrugated,White Marble,Black Cotton,10,3,38.8,910.7,68.0,4145
2025-04-03,15:00,Stepped,Corrugated with Fins,Pebbles,Black Jute,25,3,40.1,768.9,69.1,4338
2025-04-03,16:00,Single,Plain,Blue Metal,Glass Wool,10,5,36.8,501.5,68.2,3052
2025-04-03,17:00,Single,Compartmental,Pebbles,Colored Cotton,15,5,37.7,386.3,73.7,3029
2025-04-04,07:00,Single,Compartmental,Blue Metal,Colored Cotton,25,3,31.5,226.8,78.7,2576
2025-04-04,08:00,Single,Plain,Kadappa Gravel,Black Cotton,30,5,30.4,220.9,79.7,2603
2025-04-04,09:00,Stepped,Corrugated with Fins,White Marble,Sponge,15,3,32.3,341.0,79.7,3347
2025-04-04,10:00,Stepped,Plain,Kadappa Gravel,Glass Wool,30,5,37.2,543.0,66.4,3332
2025-04-04,11:00,Stepped,Plain,Pebbles,Black Jute,30,5,36.1,829.6,73.1,3868
2025-04-04,12:00,Single,Compartmental,Pebbles,Colored Cotton,10,3,39.1,841.1,69.2,4372
2025-04-04,13:00,Stepped,Compartmental,Black Granite,Black Jute,25,5,38.8,906.5,72.9,4500
2025-04-04,14:00,Single,Compartmental with Fins,Black Granite,Sponge,20,3,40.3,1091.9,65.9,4500
2025-04-04,15:00,Stepped,Compartmental with Fins,White Marble,Sponge,30,5,39.2,785.5,66.2,4155
2025-04-04,16:00,Single,Compartmental,Black Granite,Black Cotton,30,3,37.9,547.2,73.1,3539
2025-04-04,17:00,Single,Corrugated with Fins,Kadappa Gravel,Black Cotton,10,4,35.3,233.8,74.1,3655
2025-04-04,18:00,Stepped,Compartmental with Fins,White Marble,Coir,25,3,33.8,102.5,66.9,2509
2025-04-05,07:00,Single,Corrugated with Fins,Black Granite,Sponge,10,5,32.7,160.0,79.6,3308
2025-04-05,08:00,Single,Corrugated,Blue Metal,Sponge,25,5,31.8,438.4,77.1,3079
2025-04-05,09:00,Single,Corrugated with Fins,White Marble,Colored Cotton,15,3,33.0,261.8,76.7,2957
2025-04-05,10:00,Single,Plain,White Marble,Black Cotton,25,5,35.3,551.3,75.3,3302
2025-04-05,11:00,Single,Corrugated with Fins,Kadappa Gravel,Black Cotton,10,5,34.8,690.2,79.1,4500
2025-04-05,12:00,Single,Plain,Kadappa Gravel,Coir,20,5,37.8,905.2,76.1,4156
2025-04-05,13:00,Stepped,Corrugated,Pebbles,Black Jute,20,5,39.7,833.1,63.5,4421
2025-04-05,14:00,Single,Plain,Pebbles,Coir,20,5,35.4,978.3,73.0,3870
2025-04-05,15:00,Single,Corrugated with Fins,Blue Metal,Colored Cotton,10,4,41.1,801.4,63.2,4367
2025-04-05,17:00,Stepped,Compartmental with Fins,Pebbles,Black Cotton,25,5,33.9,341.7,73.5,3262
2025-04-05,18:00,Single,Corrugated with Fins,Kadappa Gravel,Sponge,10,5,32.4,156.1,76.4,2964
2025-04-06,08:00,Single,Corrugated,Blue Metal,Black Cotton,10,3,31.0,440.8,79.8,3973
2025-04-06,09:00,Single,Plain,White Marble,Sponge,25,3,32.7,328.5,72.6,2598
2025-04-06,11:00,Single,Plain,Blue Metal,Colored Cotton,25,3,36.3,745.6,71.9,3212
2025-04-06,12:00,Stepped,Corrugated,White Marble,Colored Cotton,20,4,39.0,995.8,65.3,4192
2025-04-06,13:00,Single,Compartmental with Fins,Pebbles,Black Cotton,30,5,36.2,1067.7,74.7,4500
2025-04-06,14:00,Single,Corrugated,Kadappa Gravel,Glass Wool,10,4,38.2,1084.3,67.2,4500
2025-04-06,16:00,Single,Compartmental,Pebbles,Sponge,20,3,38.8,632.2,67.4,3780
2025-04-06,17:00,Stepped,Plain,Pebbles,Black Jute,20,5,34.8,236.3,79.4,2849
2025-04-06,18:00,Stepped,Compartmental with Fins,Kadappa Gravel,Coir,20,5,34.0,233.7,69.8,3459
2025-04-07,07:00,Stepped,Corrugated,Blue Metal,Black Jute,15,3,31.6,227.2,78.0,3316
2025-04-07,08:00,Stepped,Plain,Kadappa Gravel,Glass Wool,20,5,33.0,236.2,70.8,3066
2025-04-07,09:00,Single,Corrugated with Fins,Black Granite,Colored Cotton,25,5,32.7,303.8,75.3,2731
2025-04-07,11:00,Stepped,Plain,Kadappa Gravel,Glass Wool,15,4,36.0,765.8,72.4,4342
2025-04-07,13:00,Stepped,Plain,Kadappa Gravel,Colored Cotton,20,3,37.3,978.3,72.2,4500
2025-04-07,15:00,Single,Corrugated,Blue Metal,Coir,20,4,37.4,909.2,66.3,3874
2025-04-07,16:00,Single,Compartmental with Fins,Black Granite,Glass Wool,15,5,39.6,519.5,69.6,3894
2025-04-07,17:00,Stepped,Plain,Blue Metal,Glass Wool,10,4,34.8,374.7,78.4,3205
2025-04-07,18:00,Single,Corrugated,Pebbles,Sponge,20,4,36.0,174.9,70.8,2579
2025-04-08,07:00,Stepped,Corrugated with Fins,White Marble,Sponge,15,3,30.9,105.1,83.2,3088
2025-04-08,09:00,Single,Corrugated,Blue Metal,Black Cotton,15,3,32.7,272.1,69.0,3066
2025-04-08,10:00,Single,Compartmental,White Marble,Sponge,25,3,36.7,593.3,66.0,3294
2025-04-08,11:00,Stepped,Corrugated,White Marble,Sponge,25,4,36.3,797.2,68.2,4072
2025-04-08,12:00,Single,Plain,Kadappa Gravel,Colored Cotton,20,5,37.4,926.9,69.7,4202
2025-04-08,13:00,Single,Corrugated,Pebbles,Black Jute,10,5,38.0,758.2,68.3,4231
2025-04-08,14:00,Single,Corrugated with Fins,White Marble,Glass Wool,10,5,38.6,790.6,68.4,4000
2025-04-08,15:00,Stepped,Corrugated with Fins,Kadappa Gravel,Black Cotton,25,4,39.9,813.1,60.9,4500
2025-04-08,16:00,Single,Plain,White Marble,Black Cotton,15,3,34.3,567.2,74.5,3262
2025-04-08,18:00,Single,Plain,Kadappa Gravel,Black Jute,15,4,34.7,266.7,66.2,2961
2025-04-09,07:00,Stepped,Plain,Blue Metal,Glass Wool,20,3,30.6,111.5,73.2,2592
2025-04-09,09:00,Single,Plain,Kadappa Gravel,Colored Cotton,25,3,33.7,309.5,78.4,2597
2025-04-09,10:00,Single,Corrugated with Fins,Black Granite,Black Cotton,25,3,32.6,525.1,75.0,4129
2025-04-09,11:00,Single,Compartmental with Fins,White Marble,Colored Cotton,25,4,37.2,816.3,78.2,3848
2025-04-09,12:00,Single,Compartmental,White Marble,Black Jute,20,3,35.5,763.8,83.0,3633
2025-04-09,13:00,Single,Corrugated with Fins,Pebbles,Coir,15,3,39.3,936.7,66.4,4468
2025-04-09,14:00,Single,Corrugated with Fins,White Marble,Coir,30,4,40.3,1057.0,68.1,3709
2025-04-09,16:00,Single,Plain,Pebbles,Coir,15,4,37.3,603.0,63.1,3412
2025-04-09,17:00,Single,Compartmental with Fins,Kadappa Gravel,Colored Cotton,30,3,34.9,428.5,74.1,3019
2025-04-09,18:00,Stepped,Corrugated with Fins,White Marble,Glass Wool,25,4,33.9,273.1,74.1,2950
2025-04-10,07:00,Stepped,Compartmental,Pebbles,Black Jute,10,4,32.5,214.7,80.7,3217
2025-04-10,08:00,Single,Plain,Pebbles,Black Cotton,25,5,33.6,353.1,77.3,2849
2025-04-10,09:00,Stepped,Compartmental with Fins,Kadappa Gravel,Black Jute,10,3,32.4,304.7,80.6,4042
2025-04-10,10:00,Single,Corrugated with Fins,Blue Metal,Colored Cotton,10,3,34.9,489.1,69.2,3509
2025-04-10,11:00,Stepped,Corrugated with Fins,Kadappa Gravel,Black Jute,15,5,37.1,761.2,74.2,4500
2025-04-10,12:00,Stepped,Corrugated with Fins,Blue Metal,Black Cotton,20,5,38.2,1009.2,70.9,4500
2025-04-10,13:00,Single,Compartmental with Fins,Kadappa Gravel,Coir,30,4,40.3,1018.1,68.0,4500
2025-04-10,14:00,Single,Compartmental,Black Granite,Black Cotton,10,3,37.7,777.2,63.2,4500
2025-04-10,15:00,Single,Plain,Blue Metal,Coir,10,4,37.7,787.3,70.1,3777
2025-04-10,16:00,Single,Corrugated,Pebbles,Colored Cotton,15,4,38.3,537.2,67.2,3345
2025-04-10,17:00,Single,Plain,Kadappa Gravel,Glass Wool,15,3,35.9,412.1,65.5,3237
2025-04-10,18:00,Stepped,Plain,Pebbles,Colored Cotton,25,5,32.9,260.7,74.9,2775
2025-04-11,07:00,Single,Corrugated with Fins,Pebbles,Sponge,15,3,32.5,195.3,78.6,2903
2025-04-11,08:00,Stepped,Compartmental,Pebbles,Black Jute,30,5,32.5,307.3,72.6,3005
2025-04-11,09:00,Stepped,Corrugated,Blue Metal,Black Jute,25,4,34.5,306.3,82.3,2986
2025-04-11,10:00,Stepped,Corrugated,Kadappa Gravel,Colored Cotton,10,5,34.6,496.5,69.1,4019
2025-04-11,11:00,Stepped,Compartmental with Fins,Black Granite,Black Jute,30,4,36.7,849.4,71.9,4500
2025-04-11,12:00,Single,Compartmental with Fins,Black Granite,Coir,15,4,37.5,1021.4,69.9,4500
2025-04-11,13:00,Single,Corrugated,Pebbles,Sponge,15,5,38.0,970.3,67.0,4500
2025-04-11,14:00,Single,Corrugated with Fins,White Marble,Black Cotton,20,3,37.5,771.9,73.4,4034
2025-04-11,15:00,Single,Plain,Pebbles,Sponge,10,5,38.1,759.3,63.9,3875
2025-04-11,17:00,Single,Plain,White Marble,Coir,25,3,37.2,436.7,69.8,2630
2025-04-11,18:00,Stepped,Compartmental,White Marble,Sponge,30,4,35.4,292.8,73.6,2787
2025-04-12,07:00,Single,Compartmental,Blue Metal,Colored Cotton,15,3,31.3,226.5,79.5,2788
2025-04-12,08:00,Stepped,Plain,Black Granite,Sponge,10,4,32.2,428.3,76.7,3861
2025-04-12,09:00,Stepped,Plain,Black Granite,Sponge,15,4,32.5,268.8,78.4,3498
2025-04-12,10:00,Single,Plain,Blue Metal,Black Cotton,20,5,33.6,527.1,74.7,3481
2025-04-12,11:00,Stepped,Plain,White Marble,Colored Cotton,15,5,32.4,712.1,73.9,3493
2025-04-12,12:00,Stepped,Corrugated,Black Granite,Black Cotton,20,3,37.2,1018.6,75.3,4500
2025-04-12,13:00,Single,Compartmental,Blue Metal,Colored Cotton,30,4,39.3,980.1,72.0,3912
2025-04-12,14:00,Stepped,Corrugated with Fins,Kadappa Gravel,Black Cotton,10,4,37.4,962.7,67.2,4500
2025-04-12,15:00,Stepped,Corrugated,Black Granite,Sponge,10,4,39.8,875.2,71.6,4500
2025-04-12,16:00,Single,Corrugated with Fins,Blue Metal,Coir,15,3,36.3,628.3,72.3,3797
2025-04-12,17:00,Single,Corrugated,Kadappa Gravel,Colored Cotton,20,3,33.7,217.4,74.7,2770
2025-04-12,18:00,Stepped,Plain,Pebbles,Coir,25,4,33.5,102.9,68.7,2213
2025-04-13,07:00,Stepped,Plain,Blue Metal,Coir,15,4,27.6,180.9,85.0,2855
2025-04-13,08:00,Stepped,Corrugated with Fins,Kadappa Gravel,Coir,10,4,31.7,489.0,85.0,4106
2025-04-13,09:00,Stepped,Compartmental,Pebbles,Black Jute,20,5,31.9,369.1,77.2,3604
2025-04-13,10:00,Single,Corrugated,Black Granite,Black Cotton,20,5,34.6,521.2,77.4,3603
2025-04-13,11:00,Stepped,Compartmental with Fins,Kadappa Gravel,Glass Wool,10,4,36.2,669.1,75.5,4500
2025-04-13,12:00,Stepped,Compartmental with Fins,White Marble,Glass Wool,15,4,38.4,910.3,62.5,4500
2025-04-13,13:00,Stepped,Plain,White Marble,Colored Cotton,10,5,36.1,1011.6,68.9,4363
2025-04-13,14:00,Single,Plain,White Marble,Black Jute,15,3,39.1,776.5,63.1,3594
2025-04-13,15:00,Single,Corrugated,Black Granite,Coir,10,5,38.1,776.3,74.4,4112
2025-04-13,16:00,Stepped,Corrugated,Kadappa Gravel,Glass Wool,20,4,37.8,468.7,71.7,3935
2025-04-13,17:00,Single,Plain,White Marble,Glass Wool,25,5,34.3,278.0,76.4,2248
2025-04-13,18:00,Stepped,Corrugated with Fins,Blue Metal,Coir,10,5,31.5,278.0,75.9,3320
2025-04-14,07:00,Stepped,Plain,White Marble,Black Jute,15,5,34.7,126.9,73.6,2623
2025-04-14,08:00,Single,Plain,Blue Metal,Black Cotton,20,5,29.6,403.9,78.7,3103
2025-04-14,09:00,Stepped,Compartmental,Pebbles,Coir,25,5,35.1,295.0,64.1,3071
2025-04-14,10:00,Stepped,Plain,Kadappa Gravel,Sponge,25,3,33.9,450.0,72.6,3738
2025-04-14,11:00,Stepped,Plain,White Marble,Sponge,15,3,36.5,702.9,79.2,3852
2025-04-14,12:00,Stepped,Corrugated with Fins,Pebbles,Black Cotton,20,4,36.4,1093.4,73.5,4500
2025-04-14,13:00,Stepped,Corrugated with Fins,White Marble,Colored Cotton,10,3,39.4,1092.1,65.1,4500
2025-04-14,14:00,Single,Corrugated with Fins,White Marble,Sponge,20,5,38.7,836.6,74.1,4212
2025-04-14,15:00,Stepped,Compartmental with Fins,Black Granite,Black Jute,25,3,36.8,812.7,70.9,4500
2025-04-14,16:00,Stepped,Compartmental,Blue Metal,Sponge,10,5,37.1,572.5,73.0,4086
2025-04-14,17:00,Single,Plain,Pebbles,Colored Cotton,30,4,34.2,454.4,72.0,2663
2025-04-14,18:00,Single,Compartmental with Fins,Blue Metal,Black Cotton,15,3,34.2,196.2,70.8,3259
2025-04-15,07:00,Single,Plain,Kadappa Gravel,Black Cotton,25,3,29.2,283.9,77.4,3173
2025-04-15,09:00,Stepped,Corrugated,Pebbles,Sponge,25,5,32.1,391.0,69.0,3429
2025-04-15,10:00,Stepped,Plain,Black Granite,Black Jute,20,4,35.5,494.3,64.5,3853
2025-04-15,11:00,Stepped,Corrugated,White Marble,Glass Wool,30,4,36.9,726.1,70.7,3353
2025-04-15,12:00,Stepped,Corrugated,Pebbles,Colored Cotton,10,4,38.4,1082.7,62.7,4500
2025-04-15,14:00,Single,Compartmental,Black Granite,Black Jute,30,3,43.0,1015.6,59.9,4294
2025-04-15,16:00,Single,Corrugated,Kadappa Gravel,Sponge,25,5,38.8,524.1,67.9,3702
2025-04-15,17:00,Single,Plain,White Marble,Black Jute,15,5,35.8,377.3,69.8,2643
2025-04-16,08:00,Single,Corrugated,Pebbles,Glass Wool,20,5,32.7,221.3,65.3,2659
2025-04-16,09:00,Stepped,Compartmental,White Marble,Sponge,25,4,33.6,332.0,79.6,2967
2025-04-16,10:00,Single,Compartmental,Pebbles,Colored Cotton,30,5,36.1,576.2,64.6,3064
2025-04-16,11:00,Stepped,Compartmental with Fins,Black Granite,Black Cotton,30,5,35.7,768.5,73.5,4500
2025-04-16,12:00,Stepped,Compartmental with Fins,Blue Metal,Glass Wool,20,4,37.5,1090.6,67.1,4500
2025-04-16,13:00,Single,Compartmental,Black Granite,Sponge,20,5,37.4,750.5,72.8,4121
2025-04-16,14:00,Stepped,Corrugated with Fins,Pebbles,Colored Cotton,20,3,39.7,897.9,63.1,4500
2025-04-16,15:00,Single,Compartmental with Fins,Kadappa Gravel,Black Cotton,30,4,39.4,850.6,65.8,4393
2025-04-16,16:00,Stepped,Corrugated,Black Granite,Colored Cotton,25,4,34.8,623.0,70.8,3893
2025-04-16,17:00,Stepped,Compartmental,White Marble,Coir,10,5,36.4,250.2,73.0,3058
2025-04-17,07:00,Single,Corrugated with Fins,Kadappa Gravel,Colored Cotton,30,5,29.3,159.3,83.8,2650
2025-04-17,08:00,Stepped,Corrugated with Fins,Blue Metal,Sponge,15,5,30.6,352.7,80.6,3674
2025-04-17,09:00,Single,Corrugated with Fins,Black Granite,Coir,15,5,34.3,337.9,72.5,3403
2025-04-17,10:00,Stepped,Compartmental with Fins,Kadappa Gravel,Colored Cotton,20,5,35.0,549.2,75.6,4228
2025-04-17,11:00,Single,Corrugated,Pebbles,Black Jute,20,4,34.9,849.1,70.9,3966
2025-04-17,13:00,Stepped,Corrugated with Fins,Pebbles,Glass Wool,20,4,39.7,1004.5,69.9,4500
2025-04-17,14:00,Single,Compartmental,Black Granite,Colored Cotton,30,5,38.9,807.1,71.1,3796
2025-04-17,15:00,Single,Compartmental,Kadappa Gravel,Glass Wool,10,5,38.5,781.1,62.8,4356
2025-04-17,16:00,Stepped,Compartmental with Fins,Pebbles,Coir,10,3,38.3,588.9,71.1,4225
2025-04-17,18:00,Single,Corrugated,Pebbles,Coir,30,4,33.3,243.7,74.1,2348
2025-04-18,07:00,Single,Corrugated with Fins,Kadappa Gravel,Black Cotton,25,4,33.6,179.3,72.8,2909
2025-04-18,08:00,Single,Corrugated with Fins,Black Granite,Black Cotton,25,4,31.5,401.8,74.6,3589
2025-04-18,09:00,Single,Corrugated,Blue Metal,Black Jute,25,3,35.9,372.5,72.2,2948
2025-04-18,10:00,Single,Compartmental with Fins,White Marble,Colored Cotton,25,4,32.6,475.3,80.8,2858
2025-04-18,11:00,Stepped,Compartmental,White Marble,Black Cotton,10,5,34.5,871.8,70.8,4500
2025-04-18,12:00,Single,Corrugated with Fins,Black Granite,Sponge,30,3,38.8,901.5,64.0,4500
2025-04-18,13:00,Single,Plain,Kadappa Gravel,Black Jute,20,4,37.7,1080.6,75.3,4500
2025-04-18,14:00,Single,Plain,White Marble,Glass Wool,30,4,39.8,896.4,65.6,3208
2025-04-18,15:00,Single,Plain,Black Granite,Sponge,20,4,37.1,740.9,71.8,4029
2025-04-18,16:00,Stepped,Compartmental,Kadappa Gravel,Sponge,25,4,36.3,537.4,70.6,3947
2025-04-18,17:00,Single,Corrugated,White Marble,Black Cotton,15,3,37.4,326.8,65.7,2833
2025-04-18,18:00,Single,Corrugated,Black Granite,Glass Wool,30,3,33.3,196.6,71.4,2441
2025-04-19,07:00,Single,Corrugated with Fins,Black Granite,Coir,20,5,31.6,220.7,76.7,2872
2025-04-19,08:00,Single,Compartmental with Fins,Black Granite,Colored Cotton,10,5,30.9,387.1,72.8,3642
2025-04-19,09:00,Single,Plain,Black Granite,Coir,25,4,31.3,354.5,80.7,2907
2025-04-19,10:00,Single,Compartmental with Fins,Pebbles,Coir,15,3,32.9,468.1,79.6,3515
2025-04-19,12:00,Single,Corrugated with Fins,White Marble,Colored Cotton,10,5,37.9,820.9,76.2,4054
2025-04-19,13:00,Stepped,Compartmental with Fins,Blue Metal,Colored Cotton,15,4,41.1,755.4,59.5,4500
2025-04-19,14:00,Single,Compartmental with Fins,Blue Metal,Black Cotton,20,3,38.9,889.7,66.8,4500
2025-04-19,15:00,Single,Compartmental,Kadappa Gravel,Glass Wool,15,4,38.4,746.9,70.2,4307
2025-04-19,16:00,Single,Corrugated with Fins,White Marble,Sponge,15,3,36.7,439.1,77.6,3358
2025-04-19,17:00,Stepped,Corrugated,White Marble,Sponge,15,3,35.7,384.0,67.0,3510
2025-04-19,18:00,Single,Plain,Black Granite,Glass Wool,25,3,34.7,139.9,74.8,2537
2025-04-20,08:00,Single,Compartmental with Fins,Black Granite,Colored Cotton,10,4,30.8,274.3,77.8,3231
2025-04-20,09:00,Single,Compartmental,Pebbles,Sponge,25,3,35.2,346.8,70.4,3105
2025-04-20,10:00,Single,Corrugated,Black Granite,Sponge,20,5,35.0,565.4,73.3,3823
2025-04-20,11:00,Stepped,Compartmental,Black Granite,Black Cotton,10,3,34.0,827.7,77.7,4500
2025-04-20,12:00,Single,Corrugated,Pebbles,Sponge,25,5,37.5,879.9,70.7,4075
2025-04-20,13:00,Stepped,Plain,Pebbles,Sponge,15,3,39.0,879.0,69.4,4500
2025-04-20,14:00,Stepped,Compartmental,White Marble,Sponge,25,5,41.2,970.6,68.9,4311
2025-04-20,15:00,Stepped,Compartmental,Kadappa Gravel,Black Cotton,15,5,35.5,701.8,74.5,4500
2025-04-20,16:00,Single,Corrugated,Black Granite,Coir,30,4,34.7,506.7,70.5,2985
2025-04-20,17:00,Stepped,Corrugated,Blue Metal,Coir,20,5,35.8,231.6,70.0,3047
2025-04-20,18:00,Single,Corrugated,White Marble,Coir,10,4,35.5,131.9,74.6,2216
2025-04-21,07:00,Stepped,Plain,Black Granite,Sponge,20,3,31.8,237.0,75.5,3176
2025-04-21,08:00,Single,Corrugated with Fins,Blue Metal,Glass Wool,30,3,30.8,354.5,69.4,2998
2025-04-21,09:00,Stepped,Corrugated,White Marble,Sponge,25,3,32.3,368.8,73.6,3271
2025-04-21,10:00,Single,Plain,Kadappa Gravel,Glass Wool,25,4,32.2,466.7,79.1,3138
2025-04-21,11:00,Single,Plain,White Marble,Sponge,15,4,32.6,862.7,70.2,3877
2025-04-21,12:00,Stepped,Plain,Blue Metal,Black Jute,30,5,38.7,1043.3,70.3,4390
2025-04-21,13:00,Stepped,Compartmental,Kadappa Gravel,Black Cotton,25,4,36.9,806.1,66.8,4500
2025-04-21,14:00,Stepped,Plain,White Marble,Coir,20,3,40.1,791.1,70.8,3842
2025-04-21,15:00,Stepped,Plain,Black Granite,Coir,25,3,38.7,724.0,65.8,3746
2025-04-21,16:00,Single,Plain,Blue Metal,Glass Wool,20,5,36.9,522.4,80.4,3215
2025-04-21,17:00,Single,Compartmental,Pebbles,Sponge,10,3,35.0,265.9,73.4,3251
2025-04-21,18:00,Stepped,Corrugated with Fins,Blue Metal,Glass Wool,30,4,36.4,185.8,78.8,2866
2025-04-22,07:00,Stepped,Compartmental,Black Granite,Black Cotton,15,3,32.3,200.0,80.3,3434
2025-04-22,08:00,Stepped,Corrugated with Fins,Pebbles,Glass Wool,30,4,35.4,234.6,68.8,2911
2025-04-22,09:00,Single,Plain,Kadappa Gravel,Coir,15,5,32.4,252.1,72.2,2825
2025-04-22,10:00,Stepped,Plain,Pebbles,Glass Wool,15,3,33.9,586.9,74.4,3640
2025-04-22,11:00,Single,Compartmental,Kadappa Gravel,Coir,15,5,35.8,780.8,82.6,3990
2025-04-22,12:00,Stepped,Plain,White Marble,Black Cotton,30,3,38.9,838.6,73.3,3879
2025-04-22,13:00,Stepped,Compartmental,Blue Metal,Glass Wool,15,4,39.1,919.8,72.5,4500
2025-04-22,14:00,Single,Compartmental with Fins,Black Granite,Glass Wool,25,5,38.7,1049.2,68.2,4500
2025-04-22,15:00,Stepped,Compartmental with Fins,Kadappa Gravel,Colored Cotton,30,3,37.5,787.7,68.9,4500
2025-04-22,16:00,Single,Plain,White Marble,Colored Cotton,30,5,37.5,565.2,70.8,2452
2025-04-22,17:00,Stepped,Compartmental with Fins,White Marble,Coir,30,5,34.9,441.1,65.7,3075
2025-04-22,18:00,Single,Corrugated with Fins,White Marble,Sponge,20,4,32.5,174.5,75.2,2627
2025-04-23,07:00,Single,Corrugated,White Marble,Glass Wool,30,4,31.1,231.3,80.3,2085
2025-04-23,08:00,Stepped,Compartmental with Fins,Kadappa Gravel,Black Jute,15,5,32.1,441.3,77.6,4305
2025-04-23,09:00,Stepped,Corrugated with Fins,Kadappa Gravel,Colored Cotton,15,5,33.6,389.6,77.7,3840
2025-04-23,10:00,Stepped,Plain,Pebbles,Glass Wool,25,5,34.4,466.8,78.0,3349
2025-04-23,11:00,Stepped,Compartmental with Fins,Pebbles,Coir,10,5,36.6,755.5,71.6,4494
2025-04-23,12:00,Single,Plain,White Marble,Black Jute,10,5,37.7,1015.6,76.5,4234
2025-04-23,13:00,Single,Corrugated,Pebbles,Black Jute,20,5,40.0,971.3,66.7,4137
2025-04-23,14:00,Stepped,Corrugated,Black Granite,Colored Cotton,20,3,40.4,820.8,62.2,4500
2025-04-23,16:00,Single,Corrugated with Fins,White Marble,Black Cotton,30,5,35.3,513.2,72.7,3194
2025-04-23,18:00,Single,Compartmental with Fins,White Marble,Black Jute,30,5,36.6,264.4,75.6,2622
2025-04-24,07:00,Stepped,Plain,White Marble,Coir,25,5,29.9,152.8,79.8,2289
2025-04-24,08:00,Stepped,Compartmental with Fins,Black Granite,Black Cotton,20,3,30.7,257.3,74.1,3803
2025-04-24,09:00,Stepped,Corrugated,Pebbles,Glass Wool,30,5,33.9,214.3,78.5,2685
2025-04-24,10:00,Single,Corrugated,Pebbles,Coir,15,5,35.4,578.2,68.7,3476
2025-04-24,11:00,Single,Corrugated,Kadappa Gravel,Colored Cotton,30,3,35.8,771.2,70.8,3785
2025-04-24,12:00,Stepped,Plain,White Marble,Sponge,30,4,37.5,983.4,72.7,3968
2025-04-24,13:00,Single,Corrugated,Blue Metal,Sponge,10,4,39.7,1065.3,65.5,4500
2025-04-24,14:00,Stepped,Corrugated,Black Granite,Black Jute,20,5,39.2,783.2,71.0,4500
2025-04-24,15:00,Single,Compartmental with Fins,Pebbles,Coir,30,5,38.2,737.8,69.0,3441
2025-04-24,16:00,Stepped,Plain,Pebbles,Glass Wool,15,3,39.6,555.5,71.9,3584
2025-04-24,18:00,Single,Compartmental with Fins,Kadappa Gravel,Coir,30,5,36.3,252.5,75.7,2990
2025-04-25,07:00,Stepped,Plain,Pebbles,Black Jute,15,5,32.0,217.4,77.2,2941
2025-04-25,08:00,Stepped,Corrugated with Fins,Pebbles,Sponge,15,5,34.4,412.2,68.3,3730
2025-04-25,09:00,Stepped,Compartmental with Fins,Black Granite,Black Cotton,20,4,33.2,348.1,74.3,3988
2025-04-25,10:00,Single,Compartmental with Fins,Blue Metal,Black Jute,10,5,34.5,447.2,78.1,3755
2025-04-25,12:00,Stepped,Compartmental,Black Granite,Coir,20,5,39.8,768.7,75.1,4275
2025-04-25,13:00,Stepped,Plain,Blue Metal,Sponge,30,5,40.8,1079.6,66.1,4358
2025-04-25,14:00,Stepped,Compartmental,Black Granite,Sponge,15,4,40.6,977.0,63.3,4500
2025-04-25,15:00,Single,Plain,Kadappa Gravel,Glass Wool,30,3,41.1,872.6,67.9,3718
2025-04-25,16:00,Single,Corrugated,Kadappa Gravel,Colored Cotton,25,3,36.6,654.7,69.7,3723
2025-04-25,17:00,Single,Compartmental with Fins,White Marble,Colored Cotton,10,5,37.1,451.4,66.5,3643
2025-04-25,18:00,Single,Plain,White Marble,Colored Cotton,20,3,33.8,214.5,76.0,2335
2025-04-26,07:00,Single,Plain,Black Granite,Black Jute,20,5,33.9,171.0,71.1,2629
2025-04-26,08:00,Single,Compartmental with Fins,Kadappa Gravel,Sponge,25,4,32.5,464.9,71.5,3806
2025-04-26,09:00,Stepped,Compartmental,White Marble,Sponge,10,4,31.8,343.6,80.4,3360
2025-04-26,10:00,Single,Compartmental with Fins,Black Granite,Colored Cotton,30,3,35.5,550.6,72.2,3574
2025-04-26,11:00,Single,Plain,Pebbles,Glass Wool,10,4,35.6,767.8,71.5,3766
2025-04-26,12:00,Stepped,Compartmental with Fins,Black Granite,Sponge,25,4,35.1,844.0,66.1,4500
2025-04-26,13:00,Stepped,Plain,White Marble,Black Jute,30,3,40.1,854.8,64.9,3675
2025-04-26,14:00,Single,Compartmental,Blue Metal,Sponge,15,4,37.1,985.9,69.0,4500
2025-04-26,15:00,Stepped,Plain,Blue Metal,Glass Wool,15,3,38.0,851.6,61.7,4478
2025-04-26,16:00,Single,Plain,Blue Metal,Glass Wool,25,5,37.8,616.5,70.6,3035
2025-04-26,17:00,Single,Corrugated with Fins,Kadappa Gravel,Colored Cotton,20,3,35.9,387.2,71.6,3248
2025-04-26,18:00,Stepped,Compartmental with Fins,Kadappa Gravel,Black Jute,15,3,33.0,161.3,70.6,3170
2025-04-27,07:00,Stepped,Corrugated,Black Granite,Black Jute,30,3,34.0,233.4,76.1,3043
2025-04-27,08:00,Stepped,Compartmental with Fins,Black Granite,Sponge,10,4,29.2,452.0,75.2,4262
2025-04-27,09:00,Single,Corrugated,Blue Metal,Coir,20,4,32.9,408.0,62.2,2813
2025-04-27,10:00,Single,Corrugated,Black Granite,Sponge,30,3,35.8,510.0,70.9,3499
2025-04-27,11:00,Single,Corrugated with Fins,White Marble,Coir,20,5,32.9,767.2,73.5,3589
2025-04-27,13:00,Stepped,Compartmental with Fins,Kadappa Gravel,Glass Wool,30,4,36.7,952.8,79.9,4500
2025-04-27,14:00,Stepped,Compartmental,Kadappa Gravel,Black Cotton,20,3,36.7,880.3,67.4,4500
2025-04-27,15:00,Single,Compartmental,Pebbles,Sponge,15,5,39.0,721.3,64.6,3971
2025-04-27,16:00,Stepped,Compartmental,White Marble,Coir,20,4,36.8,561.9,72.4,3430
2025-04-27,17:00,Stepped,Compartmental with Fins,Black Granite,Black Jute,30,3,36.5,242.9,76.0,3202
2025-04-27,18:00,Stepped,Corrugated,Blue Metal,Black Jute,20,5,33.9,211.4,75.9,3075
2025-04-28,08:00,Single,Plain,Black Granite,Glass Wool,10,5,30.6,266.2,79.9,2888
2025-04-28,09:00,Stepped,Compartmental with Fins,Kadappa Gravel,Black Cotton,30,4,31.7,255.5,79.1,3566
2025-04-28,10:00,Stepped,Corrugated,Pebbles,Coir,15,5,35.0,497.2,64.7,3420
2025-04-28,11:00,Stepped,Corrugated,White Marble,Glass Wool,30,3,34.5,796.9,69.9,3594
2025-04-28,12:00,Stepped,Corrugated with Fins,Blue Metal,Black Cotton,15,5,37.1,913.8,76.8,4500
2025-04-28,13:00,Single,Compartmental with Fins,Kadappa Gravel,Coir,15,3,36.7,900.5,68.8,4500
2025-04-28,14:00,Single,Compartmental,Pebbles,Black Cotton,15,4,39.6,760.7,65.1,4149
2025-04-28,16:00,Single,Plain,Pebbles,Sponge,15,3,37.7,680.0,69.8,3940
2025-04-28,17:00,Single,Compartmental with Fins,Pebbles,Coir,25,4,35.9,210.5,63.6,2844
2025-04-28,18:00,Single,Plain,Pebbles,Black Cotton,30,5,34.7,105.0,67.1,2165
2025-04-29,07:00,Stepped,Corrugated with Fins,Blue Metal,Glass Wool,30,3,30.2,156.2,77.1,2662
2025-04-29,08:00,Stepped,Compartmental,Pebbles,Glass Wool,10,5,34.0,425.2,75.5,3582
2025-04-29,09:00,Stepped,Compartmental,Kadappa Gravel,Glass Wool,25,4,31.3,351.1,80.4,3442
2025-04-29,10:00,Stepped,Compartmental,White Marble,Glass Wool,10,5,34.0,497.0,80.3,3594
2025-04-29,11:00,Single,Compartmental,Kadappa Gravel,Black Jute,10,5,34.0,756.6,76.2,4466
2025-04-29,12:00,Stepped,Corrugated,Kadappa Gravel,Black Jute,15,4,35.2,987.5,76.2,4500
2025-04-29,13:00,Single,Corrugated,White Marble,Sponge,10,4,40.0,848.6,71.0,4257
2025-04-29,14:00,Stepped,Compartmental,Kadappa Gravel,Glass Wool,15,5,37.1,777.6,63.9,4500
2025-04-29,15:00,Stepped,Plain,Kadappa Gravel,Black Cotton,15,5,37.9,858.6,72.1,4500
2025-04-29,16:00,Single,Corrugated,Blue Metal,Black Cotton,30,3,35.7,554.9,72.5,3019
2025-04-29,17:00,Single,Corrugated,Pebbles,Black Jute,30,4,33.4,398.6,78.2,2905
2025-04-29,18:00,Single,Corrugated with Fins,Black Granite,Black Jute,25,5,34.5,263.5,69.8,3203
2025-04-30,07:00,Stepped,Compartmental,Kadappa Gravel,Black Jute,25,5,31.2,279.1,76.5,3350
2025-04-30,08:00,Single,Compartmental with Fins,Kadappa Gravel,Glass Wool,30,4,33.5,257.2,72.7,2803
2025-04-30,09:00,Single,Corrugated with Fins,White Marble,Glass Wool,30,3,32.6,379.2,77.3,2648
2025-04-30,10:00,Single,Compartmental,White Marble,Black Jute,10,3,34.7,426.2,65.7,3268
2025-04-30,11:00,Single,Compartmental with Fins,Blue Metal,Colored Cotton,25,3,38.8,716.7,72.0,3927
2025-04-30,12:00,Single,Corrugated,White Marble,Glass Wool,30,3,36.1,980.5,79.3,3677
2025-04-30,13:00,Single,Plain,White Marble,Colored Cotton,15,5,39.9,864.4,66.7,3531
2025-04-30,15:00,Single,Compartmental,Blue Metal,Coir,20,3,42.2,731.0,70.4,3884
2025-04-30,16:00,Stepped,Corrugated,White Marble,Coir,20,5,37.1,539.7,66.7,3266
2025-04-30,17:00,Single,Compartmental,Kadappa Gravel,Sponge,25,3,34.0,288.9,73.9,3231
2025-04-30,18:00,Single,Corrugated with Fins,Blue Metal,Glass Wool,25,4,34.1,110.6,72.5,2745
2025-05-01,07:00,Single,Plain,Black Granite,Glass Wool,30,3,32.5,150.6,68.5,2478
2025-05-01,08:00,Single,Compartmental,Kadappa Gravel,Colored Cotton,20,4,35.7,343.2,67.0,3032
2025-05-01,09:00,Stepped,Plain,Kadappa Gravel,Coir,30,4,37.6,270.8,63.9,2422
2025-05-01,11:00,Stepped,Compartmental with Fins,White Marble,Glass Wool,20,5,39.7,771.7,72.2,4184
2025-05-01,12:00,Stepped,Compartmental,Kadappa Gravel,Coir,30,5,42.1,910.7,66.1,4281
2025-05-01,13:00,Stepped,Corrugated,Pebbles,Glass Wool,30,4,44.5,761.4,51.6,3729
2025-05-01,14:00,Stepped,Corrugated with Fins,Blue Metal,Sponge,25,5,40.5,1089.9,73.3,4500
2025-05-01,16:00,Single,Plain,Kadappa Gravel,Coir,15,3,39.3,527.3,68.9,3330
2025-05-01,17:00,Single,Compartmental with Fins,White Marble,Sponge,30,5,39.6,223.0,70.4,2297
2025-05-01,18:00,Single,Corrugated,White Marble,Colored Cotton,10,3,36.8,262.9,64.6,2886
2025-05-02,07:00,Single,Compartmental,Blue Metal,Coir,10,3,34.1,171.0,81.0,2660
2025-05-02,08:00,Stepped,Corrugated,Pebbles,Black Cotton,30,3,35.4,318.6,71.0,3101
2025-05-02,09:00,Stepped,Compartmental,Blue Metal,Colored Cotton,30,4,35.6,233.8,72.9,2904
2025-05-02,11:00,Single,Corrugated,White Marble,Coir,10,3,36.5,799.6,72.6,3684
2025-05-02,12:00,Stepped,Corrugated,Black Granite,Glass Wool,30,5,42.6,891.1,64.7,4456
2025-05-02,13:00,Single,Compartmental with Fins,Kadappa Gravel,Colored Cotton,10,4,44.3,1006.0,60.7,4500
2025-05-02,14:00,Single,Plain,Kadappa Gravel,Black Cotton,20,4,43.9,1045.6,54.5,4500
2025-05-02,15:00,Stepped,Compartmental,White Marble,Glass Wool,15,5,42.0,787.6,64.3,4285
2025-05-02,16:00,Single,Plain,Black Granite,Glass Wool,20,5,40.6,418.4,59.0,3185
2025-05-02,17:00,Stepped,Corrugated with Fins,Pebbles,Black Jute,30,3,39.5,418.5,72.9,3284
2025-05-02,18:00,Stepped,Compartmental,Blue Metal,Black Cotton,20,3,36.6,153.2,77.7,3282
2025-05-03,07:00,Stepped,Compartmental with Fins,Black Granite,Glass Wool,10,5,35.1,287.7,74.7,3515
2025-05-03,08:00,Stepped,Corrugated with Fins,Black Granite,Glass Wool,20,5,33.5,363.9,70.1,3585
2025-05-03,10:00,Stepped,Compartmental,White Marble,Glass Wool,25,3,35.5,517.4,74.0,3418
2025-05-03,11:00,Stepped,Compartmental,White Marble,Glass Wool,10,4,37.7,787.1,73.9,4500
2025-05-03,12:00,Single,Corrugated with Fins,Black Granite,Coir,15,5,39.5,758.3,66.1,4080
2025-05-03,14:00,Single,Corrugated with Fins,White Marble,Sponge,30,5,41.8,763.8,57.2,3665
2025-05-03,15:00,Single,Corrugated with Fins,Kadappa Gravel,Sponge,10,4,41.0,803.1,65.5,4500
2025-05-03,16:00,Stepped,Plain,Blue Metal,Black Jute,25,4,42.6,431.6,64.0,3341
2025-05-03,17:00,Stepped,Corrugated,Blue Metal,Sponge,15,5,37.3,281.4,69.2,3429
2025-05-03,18:00,Single,Compartmental,Kadappa Gravel,Black Jute,15,4,37.4,185.2,71.9,3083
2025-05-04,07:00,Single,Corrugated,Kadappa Gravel,Black Jute,30,4,33.5,263.5,66.9,2698
2025-05-04,08:00,Single,Plain,Black Granite,Black Cotton,25,5,33.9,215.4,62.7,2673
2025-05-04,09:00,Single,Compartmental with Fins,Black Granite,Coir,20,5,33.5,243.5,69.8,2986
2025-05-04,10:00,Stepped,Compartmental,Blue Metal,Sponge,25,3,37.8,615.1,67.3,4153
2025-05-04,11:00,Stepped,Compartmental,Kadappa Gravel,Glass Wool,15,3,37.8,771.2,65.0,4500
2025-05-04,12:00,Stepped,Compartmental,Blue Metal,Black Cotton,30,4,40.6,762.1,72.5,4149
2025-05-04,13:00,Stepped,Corrugated,White Marble,Black Cotton,30,4,39.9,840.9,63.2,3884
2025-05-04,15:00,Stepped,Plain,Black Granite,Colored Cotton,15,4,40.8,710.8,69.9,4261
2025-05-04,18:00,Single,Corrugated with Fins,Pebbles,Glass Wool,20,3,38.1,179.4,71.2,2721
2025-05-05,07:00,Stepped,Corrugated,Pebbles,Coir,30,4,32.8,154.1,79.2,2649
2025-05-05,08:00,Stepped,Corrugated,White Marble,Coir,15,4,36.2,340.3,66.4,3195
2025-05-05,09:00,Stepped,Corrugated with Fins,White Marble,Sponge,25,3,34.8,195.7,77.8,2960
2025-05-05,10:00,Single,Compartmental with Fins,Kadappa Gravel,Black Cotton,20,3,38.1,591.1,75.2,4383
2025-05-05,11:00,Stepped,Compartmental,Kadappa Gravel,Black Jute,15,4,37.8,838.6,72.0,4500
2025-05-05,12:00,Single,Corrugated,White Marble,Coir,15,5,41.7,986.8,71.6,4002
2025-05-05,13:00,Stepped,Compartmental,Pebbles,Sponge,30,5,44.2,900.2,65.6,4261
2025-05-05,14:00,Single,Compartmental,Black Granite,Colored Cotton,15,3,40.4,831.7,71.9,4497
2025-05-05,15:00,Single,Corrugated with Fins,White Marble,Colored Cotton,10,4,40.1,815.8,63.5,4177
2025-05-05,16:00,Stepped,Corrugated with Fins,Pebbles,Sponge,30,5,40.3,582.2,64.9,3529
2025-05-05,17:00,Stepped,Corrugated with Fins,Black Granite,Coir,10,4,41.7,364.4,62.8,3596
2025-05-05,18:00,Single,Compartmental with Fins,Blue Metal,Colored Cotton,30,3,37.4,110.1,70.9,2564
2025-05-06,07:00,Stepped,Corrugated with Fins,Pebbles,Colored Cotton,30,4,38.8,113.9,69.2,2473
2025-05-06,08:00,Stepped,Plain,White Marble,Glass Wool,20,4,34.7,322.0,75.1,2779
2025-05-06,09:00,Single,Corrugated,Pebbles,Coir,30,5,33.2,319.6,77.6,2434
2025-05-06,10:00,Stepped,Plain,Black Granite,Black Jute,20,3,38.9,573.7,69.8,4015
2025-05-06,11:00,Stepped,Corrugated with Fins,Pebbles,Colored Cotton,20,5,37.8,745.9,74.4,4454
2025-05-06,12:00,Stepped,Corrugated with Fins,White Marble,Sponge,30,5,40.5,1005.1,71.1,4282
2025-05-06,13:00,Stepped,Compartmental,Kadappa Gravel,Black Jute,10,3,42.6,797.1,64.8,4500
2025-05-06,14:00,Single,Corrugated with Fins,Black Granite,Black Jute,15,4,40.7,1005.1,64.7,4500
2025-05-06,15:00,Single,Plain,Black Granite,Coir,30,3,40.4,720.9,66.6,3256
2025-05-06,16:00,Single,Compartmental,Blue Metal,Black Cotton,10,4,44.6,571.9,61.9,3892
2025-05-06,17:00,Single,Plain,White Marble,Sponge,15,3,36.5,316.6,69.9,2805
2025-05-06,18:00,Stepped,Compartmental,Kadappa Gravel,Black Jute,30,3,36.9,135.4,70.6,2917
2025-05-07,07:00,Single,Plain,Pebbles,Sponge,25,4,34.7,299.1,78.5,2759
2025-05-07,08:00,Stepped,Compartmental with Fins,White Marble,Black Jute,30,3,33.5,320.8,79.7,3208
2025-05-07,09:00,Stepped,Compartmental with Fins,White Marble,Glass Wool,30,4,35.4,258.3,68.9,2849
2025-05-07,10:00,Stepped,Compartmental,Blue Metal,Black Jute,10,4,38.3,639.4,73.1,4477
2025-05-07,11:00,Stepped,Corrugated with Fins,White Marble,Sponge,15,4,40.5,798.8,69.4,4500
2025-05-07,12:00,Single,Plain,Blue Metal,Black Jute,20,4,37.8,966.0,68.2,4284
2025-05-07,14:00,Stepped,Compartmental with Fins,Black Granite,Colored Cotton,25,4,40.5,954.9,63.0,4500
2025-05-07,15:00,Stepped,Plain,White Marble,Sponge,30,3,45.0,869.6,63.6,3701
2025-05-07,16:00,Single,Compartmental with Fins,Pebbles,Black Jute,25,5,40.4,653.7,63.2,3614
2025-05-07,17:00,Stepped,Compartmental,Kadappa Gravel,Black Jute,25,4,39.2,443.0,74.3,3803
2025-05-07,18:00,Single,Corrugated with Fins,Black Granite,Coir,15,5,35.3,193.2,75.1,2749
2025-05-08,07:00,Stepped,Corrugated with Fins,Blue Metal,Sponge,25,3,35.7,282.3,68.0,3535
2025-05-08,08:00,Single,Corrugated,Kadappa Gravel,Sponge,10,5,37.5,426.9,60.9,3498
2025-05-08,09:00,Stepped,Compartmental with Fins,White Marble,Sponge,30,4,34.5,318.9,73.2,3133
2025-05-08,10:00,Single,Corrugated with Fins,Black Granite,Black Jute,10,5,36.5,524.5,66.1,3939
2025-05-08,11:00,Single,Corrugated,Black Granite,Sponge,20,3,37.8,674.9,65.9,4085
2025-05-08,13:00,Stepped,Plain,Kadappa Gravel,Black Cotton,15,3,43.0,885.5,60.6,4500
2025-05-08,14:00,Stepped,Corrugated,Pebbles,Coir,20,4,42.3,1034.8,65.0,4500
2025-05-08,15:00,Stepped,Compartmental,Black Granite,Sponge,10,3,40.8,945.4,58.9,4500
2025-05-08,16:00,Single,Corrugated with Fins,White Marble,Black Cotton,30,4,39.9,485.4,62.7,3046
2025-05-08,17:00,Single,Corrugated,Pebbles,Coir,10,3,39.9,217.6,75.8,2890
2025-05-08,18:00,Single,Compartmental,White Marble,Black Jute,10,3,38.8,169.1,69.1,2879
2025-05-09,07:00,Stepped,Plain,Blue Metal,Colored Cotton,15,4,33.3,281.6,68.7,2963
2025-05-09,08:00,Stepped,Corrugated with Fins,Pebbles,Black Jute,10,5,35.0,329.8,70.0,3605
2025-05-09,09:00,Single,Corrugated with Fins,White Marble,Colored Cotton,20,3,36.5,378.0,71.1,2883
2025-05-09,10:00,Stepped,Plain,Kadappa Gravel,Black Cotton,15,5,37.9,601.1,66.6,4358
2025-05-09,11:00,Stepped,Corrugated with Fins,Black Granite,Black Jute,20,5,37.6,832.3,69.4,4500
2025-05-09,12:00,Single,Compartmental,Kadappa Gravel,Black Cotton,10,5,41.2,1077.6,64.7,4500
2025-05-09,13:00,Stepped,Compartmental with Fins,Kadappa Gravel,Sponge,10,3,41.0,903.9,60.8,4500
2025-05-09,14:00,Single,Compartmental,Black Granite,Colored Cotton,30,4,41.1,1065.8,60.5,4220
2025-05-09,15:00,Single,Plain,Pebbles,Colored Cotton,15,5,41.5,762.3,67.0,3656
2025-05-09,16:00,Single,Corrugated,White Marble,Black Jute,20,5,42.0,428.9,65.6,3087
2025-05-09,17:00,Stepped,Compartmental,Kadappa Gravel,Black Cotton,25,4,40.5,435.3,60.3,4065
2025-05-09,18:00,Single,Corrugated with Fins,Black Granite,Coir,25,5,38.2,221.0,71.5,2553
2025-05-10,07:00,Stepped,Compartmental with Fins,White Marble,Black Jute,30,3,35.0,111.9,78.6,2675
2025-05-10,08:00,Stepped,Corrugated with Fins,White Marble,Sponge,30,5,35.3,400.0,72.2,3041
2025-05-10,09:00,Single,Plain,Blue Metal,Black Jute,25,4,35.4,282.6,70.6,2510
2025-05-10,10:00,Stepped,Compartmental with Fins,Pebbles,Coir,10,5,36.4,527.8,59.5,4191
2025-05-10,11:00,Stepped,Corrugated,Black Granite,Glass Wool,20,5,38.3,864.1,69.1,4492
2025-05-10,12:00,Single,Corrugated with Fins,Black Granite,Colored Cotton,30,4,43.3,1057.3,65.3,4433
2025-05-10,13:00,Single,Compartmental with Fins,White Marble,Glass Wool,15,5,42.5,766.0,62.2,3894
2025-05-10,14:00,Stepped,Corrugated with Fins,White Marble,Colored Cotton,20,3,41.9,793.1,58.2,4269
2025-05-10,15:00,Single,Compartmental with Fins,Black Granite,Black Cotton,15,3,41.8,817.9,63.5,4500
2025-05-10,16:00,Single,Corrugated,Black Granite,Coir,15,3,40.6,488.1,61.9,3654
2025-05-10,17:00,Single,Compartmental with Fins,White Marble,Colored Cotton,25,5,38.4,207.2,64.9,2402
2025-05-10,18:00,Stepped,Plain,Pebbles,Black Jute,30,5,38.3,163.1,63.5,2402
2025-05-11,07:00,Single,Plain,Kadappa Gravel,Colored Cotton,25,3,36.1,209.4,75.0,2605
2025-05-11,08:00,Stepped,Plain,Pebbles,Glass Wool,25,4,34.5,305.0,75.6,2841
2025-05-11,09:00,Single,Compartmental with Fins,Pebbles,Glass Wool,10,5,36.9,276.1,64.6,2943
2025-05-11,10:00,Single,Corrugated with Fins,Black Granite,Black Jute,30,3,38.9,499.6,66.1,3659
2025-05-11,11:00,Single,Corrugated,Blue Metal,Coir,15,3,39.3,870.8,69.2,4142
2025-05-11,12:00,Single,Compartmental with Fins,Kadappa Gravel,Glass Wool,30,4,39.9,799.0,72.3,3863
2025-05-11,13:00,Single,Compartmental with Fins,Pebbles,Colored Cotton,25,5,37.8,1098.8,71.2,4412
2025-05-11,15:00,Stepped,Plain,Kadappa Gravel,Black Jute,30,4,41.1,738.7,71.1,3856
2025-05-11,16:00,Stepped,Corrugated,Blue Metal,Glass Wool,25,4,39.6,377.8,72.0,3016
2025-05-11,17:00,Stepped,Compartmental with Fins,Pebbles,Sponge,25,5,39.2,341.5,76.3,3649
2025-05-11,18:00,Stepped,Corrugated with Fins,Blue Metal,Black Jute,30,5,36.1,105.0,76.5,2584
2025-05-12,09:00,Single,Compartmental,Blue Metal,Colored Cotton,20,4,36.6,208.6,73.5,2941
2025-05-12,10:00,Stepped,Compartmental,White Marble,Black Cotton,10,4,38.5,574.8,67.7,4354
2025-05-12,11:00,Single,Compartmental with Fins,Kadappa Gravel,Sponge,10,4,37.9,774.9,76.7,4500
2025-05-12,12:00,Single,Corrugated,Pebbles,Black Cotton,20,5,40.6,752.3,58.9,3988
2025-05-12,13:00,Single,Plain,Black Granite,Coir,20,3,41.8,811.0,61.3,3869
2025-05-12,14:00,Single,Corrugated with Fins,Pebbles,Glass Wool,15,3,45.0,892.6,64.8,4500
2025-05-12,15:00,Stepped,Corrugated with Fins,Black Granite,Glass Wool,25,5,43.2,812.5,64.1,4500
2025-05-12,16:00,Single,Plain,Pebbles,Coir,15,4,42.4,517.6,65.4,3117
2025-05-12,17:00,Single,Compartmental with Fins,Pebbles,Black Cotton,30,4,39.3,280.6,65.3,2867
2025-05-12,18:00,Single,Plain,Pebbles,Sponge,25,4,34.5,217.6,81.2,2409
2025-05-13,07:00,Single,Corrugated,Blue Metal,Black Cotton,25,3,32.6,142.8,73.0,2467
2025-05-13,08:00,Stepped,Compartmental with Fins,Black Granite,Sponge,30,5,36.9,439.6,80.0,3549
2025-05-13,09:00,Single,Corrugated with Fins,Blue Metal,Colored Cotton,15,3,37.7,381.4,65.8,3461
2025-05-13,10:00,Single,Compartmental,White Marble,Glass Wool,30,5,36.9,555.6,67.4,2720
2025-05-13,11:00,Single,Corrugated,White Marble,Sponge,25,3,38.9,921.8,71.5,3825
2025-05-13,12:00,Single,Corrugated with Fins,Black Granite,Coir,30,5,42.0,893.7,66.8,3924
2025-05-13,13:00,Single,Compartmental with Fins,White Marble,Sponge,10,4,40.5,1018.1,62.4,4500
2025-05-13,14:00,Stepped,Corrugated,Kadappa Gravel,Coir,30,3,43.3,951.3,63.1,4254
2025-05-13,15:00,Stepped,Compartmental,Blue Metal,Black Jute,30,5,38.9,757.5,73.5,4095
2025-05-13,16:00,Single,Corrugated,Black Granite,Sponge,25,4,38.3,505.3,65.7,3403
2025-05-13,17:00,Single,Plain,White Marble,Coir,20,4,39.0,311.1,69.9,2441
2025-05-13,18:00,Single,Corrugated with Fins,Pebbles,Glass Wool,10,4,37.8,291.3,63.6,3018
2025-05-14,07:00,Single,Corrugated with Fins,Blue Metal,Coir,30,3,33.4,121.8,71.6,2210
2025-05-14,08:00,Stepped,Plain,Kadappa Gravel,Black Jute,20,3,35.4,290.7,70.3,3409
2025-05-14,09:00,Single,Plain,Black Granite,Black Jute,30,3,36.2,325.7,67.0,2919
2025-05-14,10:00,Stepped,Plain,Pebbles,Colored Cotton,10,4,37.3,668.7,66.1,3974
2025-05-14,11:00,Stepped,Compartmental,Black Granite,Sponge,15,5,37.9,858.2,69.0,4500
2025-05-14,12:00,Single,Corrugated,Blue Metal,Glass Wool,20,5,41.6,1034.2,64.5,4417
2025-05-14,13:00,Stepped,Compartmental with Fins,Kadappa Gravel,Colored Cotton,10,4,42.9,987.2,65.8,4500
2025-05-14,14:00,Single,Corrugated with Fins,Kadappa Gravel,Black Cotton,20,3,44.7,1047.2,56.9,4500
2025-05-14,15:00,Stepped,Plain,White Marble,Colored Cotton,10,3,43.4,809.5,65.3,3981
2025-05-14,16:00,Stepped,Corrugated with Fins,Pebbles,Black Cotton,10,4,40.8,684.5,71.1,4500
2025-05-14,17:00,Stepped,Corrugated,White Marble,Glass Wool,10,4,40.1,231.6,68.8,3059
2025-05-14,18:00,Stepped,Compartmental with Fins,Blue Metal,Black Cotton,15,3,39.4,275.9,65.4,3761
2025-05-15,07:00,Stepped,Compartmental with Fins,Black Granite,Black Cotton,15,5,34.2,109.4,74.3,3304
2025-05-15,08:00,Stepped,Corrugated with Fins,White Marble,Coir,15,3,36.3,274.6,70.9,3106
2025-05-15,09:00,Stepped,Corrugated with Fins,Pebbles,Colored Cotton,20,3,38.0,274.4,71.1,3272
2025-05-15,10:00,Stepped,Plain,Pebbles,Coir,10,5,35.3,449.3,73.7,3071
2025-05-15,11:00,Stepped,Corrugated,Kadappa Gravel,Sponge,25,5,38.6,859.5,81.6,4500
2025-05-15,13:00,Single,Plain,White Marble,Glass Wool,30,5,41.4,982.1,59.1,3449
2025-05-15,14:00,Single,Compartmental,Kadappa Gravel,Glass Wool,15,4,41.4,818.5,67.3,4500
2025-05-15,15:00,Stepped,Compartmental with Fins,Pebbles,Coir,30,3,38.1,726.8,72.7,3870
2025-05-15,16:00,Single,Corrugated,Blue Metal,Glass Wool,15,3,40.6,414.3,69.4,3263
2025-05-15,17:00,Stepped,Compartmental with Fins,Kadappa Gravel,Coir,15,5,38.6,261.3,63.0,3384
2025-05-15,18:00,Single,Corrugated with Fins,Black Granite,Glass Wool,30,5,38.3,133.6,70.3,2520
2025-05-16,07:00,Single,Corrugated,Pebbles,Black Jute,10,4,34.3,202.5,69.0,2678
2025-05-16,08:00,Stepped,Compartmental,Pebbles,Coir,20,3,36.3,233.2,76.5,2944
2025-05-16,09:00,Single,Plain,Kadappa Gravel,Black Jute,10,5,33.0,264.3,75.8,3290
2025-05-16,10:00,Stepped,Compartmental with Fins,Blue Metal,Glass Wool,15,5,37.3,552.1,71.6,4124
2025-05-16,11:00,Single,Corrugated,Black Granite,Sponge,10,5,40.1,750.0,67.8,4361
2025-05-16,12:00,Stepped,Corrugated,Blue Metal,Glass Wool,25,5,42.4,752.4,58.5,3931
2025-05-16,13:00,Stepped,Corrugated,White Marble,Coir,25,3,43.1,1039.6,60.1,4101
2025-05-16,15:00,Single,Corrugated,Kadappa Gravel,Black Cotton,25,3,42.3,692.5,56.9,3943
2025-05-16,16:00,Stepped,Compartmental,Kadappa Gravel,Colored Cotton,15,3,40.3,410.9,66.1,3781
2025-05-16,17:00,Single,Corrugated,White Marble,Glass Wool,25,5,37.1,249.3,68.9,2384
2025-05-16,18:00,Stepped,Compartmental,Kadappa Gravel,Coir,25,3,37.8,114.1,70.4,2946
2025-05-17,07:00,Stepped,Corrugated with Fins,White Marble,Glass Wool,30,5,33.9,133.8,80.6,2442
2025-05-17,08:00,Single,Compartmental with Fins,Black Granite,Coir,25,3,33.7,286.7,69.0,2829
2025-05-17,09:00,Single,Compartmental with Fins,Blue Metal,Coir,10,5,36.2,232.8,67.9,3035
2025-05-17,10:00,Stepped,Compartmental with Fins,Black Granite,Black Jute,20,4,34.3,537.5,76.4,4394
2025-05-17,12:00,Stepped,Corrugated with Fins,Pebbles,Coir,15,4,41.0,941.5,64.9,4500
2025-05-17,13:00,Stepped,Compartmental with Fins,Black Granite,Colored Cotton,30,3,41.4,845.9,63.8,4500
2025-05-17,14:00,Stepped,Compartmental,Black Granite,Colored Cotton,30,3,40.2,1081.7,68.3,4500
2025-05-17,15:00,Single,Compartmental with Fins,Blue Metal,Black Jute,25,4,40.7,877.7,70.9,4199
2025-05-17,16:00,Stepped,Compartmental,Black Granite,Black Jute,25,5,39.9,512.6,68.2,3893
2025-05-17,17:00,Single,Compartmental,Black Granite,Sponge,20,5,37.2,390.7,66.5,3368
2025-05-17,18:00,Single,Plain,Black Granite,Black Cotton,25,5,37.9,176.4,68.5,2595
2025-05-18,08:00,Stepped,Plain,Blue Metal,Colored Cotton,25,5,33.5,392.8,81.2,3113
2025-05-18,09:00,Single,Compartmental,Blue Metal,Coir,10,3,35.3,371.3,72.0,3038
2025-05-18,10:00,Stepped,Compartmental with Fins,Kadappa Gravel,Black Jute,15,3,38.0,503.9,74.5,4278
2025-05-18,12:00,Single,Compartmental,Pebbles,Sponge,25,4,40.2,963.4,64.4,4176
2025-05-18,13:00,Single,Plain,Kadappa Gravel,Black Jute,10,5,41.2,1068.8,65.6,4500
2025-05-18,14:00,Stepped,Plain,White Marble,Coir,25,5,40.9,1074.1,68.6,3805
2025-05-18,15:00,Single,Compartmental with Fins,White Marble,Black Jute,15,5,41.8,859.0,71.1,4500
2025-05-18,16:00,Stepped,Compartmental,White Marble,Coir,10,5,39.8,507.2,66.3,3526
2025-05-18,18:00,Single,Corrugated,Blue Metal,Sponge,30,5,36.3,167.8,75.2,2463
2025-05-19,07:00,Single,Plain,Kadappa Gravel,Black Jute,10,5,34.2,248.8,73.3,3104
2025-05-19,08:00,Stepped,Plain,Kadappa Gravel,Black Cotton,30,5,34.9,333.5,64.3,3158
2025-05-19,09:00,Stepped,Corrugated with Fins,Black Granite,Black Cotton,10,4,37.3,314.4,73.0,3975
2025-05-19,10:00,Single,Corrugated,Pebbles,Glass Wool,30,5,34.4,487.4,72.1,2953
2025-05-19,11:00,Single,Compartmental,Blue Metal,Sponge,10,3,39.9,882.4,68.8,4500
2025-05-19,12:00,Stepped,Corrugated with Fins,Pebbles,Coir,10,4,40.2,890.7,64.5,4500
2025-05-19,13:00,Single,Corrugated with Fins,White Marble,Black Jute,10,5,43.5,972.2,65.1,4386
2025-05-19,14:00,Stepped,Corrugated with Fins,Blue Metal,Coir,30,3,42.3,852.2,63.7,4411
2025-05-19,15:00,Single,Compartmental with Fins,Black Granite,Black Cotton,30,5,37.7,745.7,70.0,4260
2025-05-19,16:00,Single,Compartmental,Blue Metal,Colored Cotton,20,4,41.7,474.6,60.8,3279
2025-05-19,17:00,Stepped,Corrugated with Fins,Blue Metal,Glass Wool,30,4,37.1,451.7,65.8,3438
2025-05-19,18:00,Single,Compartmental with Fins,Blue Metal,Coir,30,5,39.6,246.3,60.1,2668
2025-05-20,07:00,Stepped,Compartmental,Kadappa Gravel,Glass Wool,15,5,34.8,279.5,71.8,3338
2025-05-20,08:00,Stepped,Corrugated,Black Granite,Black Cotton,10,4,36.9,318.1,75.3,3724
2025-05-20,09:00,Single,Corrugated,Blue Metal,Coir,25,3,35.4,357.0,72.9,2763
2025-05-20,10:00,Stepped,Corrugated with Fins,Blue Metal,Colored Cotton,15,3,37.8,515.7,64.8,3973
2025-05-20,11:00,Single,Corrugated with Fins,Pebbles,Black Cotton,20,4,41.6,817.6,60.4,4500
2025-05-20,12:00,Stepped,Plain,Black Granite,Colored Cotton,20,4,37.6,1050.3,67.0,4500
2025-05-20,13:00,Stepped,Compartmental with Fins,Blue Metal,Black Cotton,15,3,42.7,840.6,62.3,4500
2025-05-20,14:00,Stepped,Corrugated with Fins,White Marble,Coir,10,5,43.9,960.2,60.8,4467
2025-05-20,15:00,Single,Compartmental,Kadappa Gravel,Colored Cotton,25,5,41.7,819.6,66.4,4023
2025-05-20,16:00,Stepped,Compartmental,White Marble,Colored Cotton,10,5,42.6,565.8,66.2,3548
2025-05-20,17:00,Stepped,Compartmental with Fins,Pebbles,Glass Wool,30,3,41.3,346.9,57.2,3303
2025-05-20,18:00,Single,Compartmental with Fins,Pebbles,Sponge,10,3,37.4,261.0,77.8,3266
2025-05-21,07:00,Stepped,Plain,Pebbles,Coir,30,3,33.8,211.6,76.6,2449
2025-05-21,08:00,Stepped,Corrugated,Blue Metal,Black Cotton,20,5,36.3,298.4,63.1,3313
2025-05-21,09:00,Stepped,Plain,Pebbles,Coir,10,4,36.5,404.4,67.7,3280
2025-05-21,10:00,Single,Corrugated with Fins,White Marble,Sponge,15,5,38.0,536.5,63.9,3590
2025-05-21,11:00,Stepped,Corrugated,Black Granite,Sponge,10,3,37.9,636.5,67.6,4500
2025-05-21,12:00,Single,Compartmental,Blue Metal,Black Cotton,25,5,38.3,1019.1,69.5,4458
2025-05-21,13:00,Single,Corrugated,Pebbles,Coir,30,4,41.2,841.8,63.4,3362
2025-05-21,14:00,Stepped,Corrugated,Black Granite,Glass Wool,15,3,39.9,949.8,62.2,4500
2025-05-21,15:00,Single,Compartmental,White Marble,Colored Cotton,30,3,40.3,782.2,67.5,3228
2025-05-21,16:00,Single,Corrugated with Fins,Black Granite,Colored Cotton,30,3,41.9,552.3,60.4,3552
2025-05-21,17:00,Stepped,Compartmental,Black Granite,Black Cotton,30,5,42.1,344.6,61.3,3475
2025-05-21,18:00,Stepped,Plain,Blue Metal,Sponge,15,4,37.0,111.2,74.1,2845
2025-05-22,07:00,Single,Corrugated,Pebbles,Sponge,30,4,37.8,149.9,73.3,2349
2025-05-22,08:00,Stepped,Plain,Pebbles,Black Jute,15,4,39.3,229.9,73.3,2819
2025-05-22,09:00,Single,Plain,Blue Metal,Glass Wool,30,3,35.2,320.0,73.3,2639
2025-05-22,10:00,Single,Compartmental with Fins,Pebbles,Glass Wool,20,4,35.8,548.7,70.1,3837
2025-05-22,11:00,Single,Corrugated with Fins,Blue Metal,Black Jute,15,3,40.1,818.5,67.9,4500
2025-05-22,12:00,Stepped,Compartmental with Fins,Pebbles,Glass Wool,25,3,39.3,820.6,68.7,4500
2025-05-22,13:00,Single,Plain,White Marble,Colored Cotton,10,3,43.1,814.4,62.6,3868
2025-05-22,14:00,Stepped,Plain,Black Granite,Coir,25,3,40.0,764.1,65.5,3743
2025-05-22,15:00,Stepped,Compartmental with Fins,Pebbles,Sponge,20,3,41.1,775.5,68.2,4500
2025-05-22,16:00,Single,Compartmental,Blue Metal,Black Jute,10,5,37.5,636.1,75.2,3900
2025-05-22,17:00,Stepped,Plain,White Marble,Sponge,25,4,39.0,316.4,67.5,2875
2025-05-22,18:00,Single,Corrugated,Kadappa Gravel,Glass Wool,20,4,37.9,172.7,69.0,2816
2025-05-23,07:00,Stepped,Corrugated,Pebbles,Sponge,25,4,33.0,253.1,78.0,3141
2025-05-23,08:00,Single,Plain,White Marble,Black Cotton,20,4,34.1,284.8,79.4,2796
2025-05-23,09:00,Stepped,Corrugated,Pebbles,Sponge,30,5,36.4,302.1,70.2,3116
2025-05-23,10:00,Single,Compartmental with Fins,Black Granite,Coir,10,4,37.6,523.4,74.4,3752
2025-05-23,11:00,Single,Corrugated with Fins,Blue Metal,Coir,25,5,36.6,892.3,77.7,3890
2025-05-23,12:00,Stepped,Corrugated,Blue Metal,Black Jute,30,3,37.6,808.8,65.3,3949
2025-05-23,13:00,Stepped,Compartmental,Black Granite,Sponge,15,5,40.6,1059.5,67.5,4500
2025-05-23,14:00,Stepped,Compartmental,Blue Metal,Sponge,30,5,44.7,995.4,61.9,4326
2025-05-23,15:00,Single,Corrugated,Black Granite,Colored Cotton,30,4,41.7,781.9,65.6,3605
2025-05-23,16:00,Single,Compartmental with Fins,Blue Metal,Coir,20,5,36.3,539.4,72.4,3553
2025-05-23,17:00,Single,Compartmental,Kadappa Gravel,Sponge,25,3,39.4,459.3,61.6,3261
2025-05-23,18:00,Single,Compartmental with Fins,White Marble,Sponge,25,5,37.1,239.4,67.4,2717
2025-05-24,07:00,Single,Plain,Kadappa Gravel,Black Jute,30,5,36.5,275.5,73.3,2564
2025-05-24,08:00,Single,Corrugated,Kadappa Gravel,Coir,30,4,35.2,491.6,65.3,3028
2025-05-24,09:00,Stepped,Compartmental with Fins,Blue Metal,Coir,15,3,35.8,374.6,68.2,3573
2025-05-24,10:00,Stepped,Corrugated with Fins,Blue Metal,Colored Cotton,20,4,36.2,511.9,70.9,4027
2025-05-24,11:00,Stepped,Plain,Blue Metal,Black Cotton,30,5,38.1,762.9,71.1,3893
2025-05-24,12:00,Stepped,Corrugated,Pebbles,Black Cotton,20,5,40.3,1061.9,73.9,4500
2025-05-24,13:00,Single,Plain,Blue Metal,Sponge,10,4,40.8,848.6,65.6,4178
2025-05-24,14:00,Single,Corrugated,White Marble,Colored Cotton,30,4,44.9,759.5,62.7,3089
2025-05-24,15:00,Stepped,Compartmental,White Marble,Coir,25,5,37.9,875.8,59.9,3770
2025-05-24,16:00,Single,Corrugated,White Marble,Black Jute,15,5,38.1,601.3,57.3,3419
2025-05-24,17:00,Stepped,Corrugated with Fins,White Marble,Black Jute,20,5,37.2,284.8,67.6,2928
2025-05-24,18:00,Single,Corrugated,Black Granite,Black Cotton,10,3,37.5,130.9,72.0,2665
2025-05-25,07:00,Stepped,Compartmental,Kadappa Gravel,Black Cotton,15,5,32.8,117.4,75.0,3245
2025-05-25,08:00,Stepped,Compartmental,Blue Metal,Coir,30,3,35.3,201.9,72.8,2757
2025-05-25,10:00,Stepped,Compartmental with Fins,White Marble,Glass Wool,25,4,36.6,646.8,72.4,3608
2025-05-25,11:00,Stepped,Corrugated,Kadappa Gravel,Coir,30,3,40.1,655.2,66.8,3921
2025-05-25,12:00,Stepped,Corrugated,Blue Metal,Sponge,25,5,41.2,940.3,66.2,4500
2025-05-25,13:00,Stepped,Plain,Black Granite,Glass Wool,25,5,40.7,809.7,60.0,3977
2025-05-25,14:00,Stepped,Plain,Blue Metal,Coir,10,3,41.5,919.5,66.6,4500
2025-05-25,15:00,Stepped,Compartmental,Blue Metal,Black Cotton,30,5,40.7,863.2,63.1,4329
2025-05-25,16:00,Single,Corrugated,White Marble,Colored Cotton,10,5,40.5,432.4,54.8,3027
2025-05-25,17:00,Stepped,Compartmental with Fins,Black Granite,Sponge,30,3,39.6,459.0,68.4,3757
2025-05-25,18:00,Stepped,Compartmental,Blue Metal,Coir,30,5,38.8,243.6,65.4,2652
2025-05-26,07:00,Stepped,Compartmental,Pebbles,Sponge,20,3,33.2,273.4,78.2,3330
2025-05-26,10:00,Single,Compartmental with Fins,Pebbles,Colored Cotton,30,4,38.0,531.8,70.5,2972
2025-05-26,11:00,Single,Compartmental,Blue Metal,Black Jute,30,3,40.2,731.5,66.2,3616
2025-05-26,12:00,Stepped,Compartmental with Fins,Black Granite,Sponge,25,3,38.8,921.9,64.4,4500
2025-05-26,13:00,Single,Compartmental with Fins,Black Granite,Sponge,20,3,38.4,951.8,73.6,4500
2025-05-26,14:00,Stepped,Corrugated with Fins,Pebbles,Black Cotton,10,5,42.3,986.9,64.8,4500
2025-05-26,15:00,Single,Compartmental with Fins,Kadappa Gravel,Colored Cotton,25,4,42.6,749.3,63.3,4299
2025-05-26,16:00,Single,Corrugated with Fins,Kadappa Gravel,Coir,15,5,39.9,508.9,64.9,3499
2025-05-26,17:00,Single,Corrugated with Fins,Black Granite,Black Jute,30,3,42.1,237.7,60.5,2792
2025-05-27,07:00,Stepped,Compartmental,White Marble,Black Jute,25,5,32.5,240.8,73.7,2624
2025-05-27,08:00,Single,Corrugated,Blue Metal,Colored Cotton,20,3,35.0,486.4,70.5,3381
2025-05-27,09:00,Stepped,Plain,Black Granite,Black Jute,25,4,35.3,294.0,72.8,2904
2025-05-27,10:00,Stepped,Corrugated with Fins,White Marble,Colored Cotton,30,3,37.9,565.1,67.9,3490
2025-05-27,11:00,Stepped,Compartmental,White Marble,Sponge,15,5,40.5,731.1,67.0,4173
2025-05-27,12:00,Stepped,Plain,Pebbles,Coir,25,5,40.2,865.3,70.9,3900
2025-05-27,13:00,Stepped,Compartmental with Fins,Black Granite,Black Cotton,30,5,40.7,852.9,73.0,4500
2025-05-27,14:00,Stepped,Compartmental,Blue Metal,Colored Cotton,20,4,40.3,963.4,68.4,4500
2025-05-27,15:00,Stepped,Corrugated with Fins,Black Granite,Sponge,30,4,38.9,786.7,71.7,4334
2025-05-27,16:00,Stepped,Corrugated,Blue Metal,Black Jute,30,4,41.8,545.6,66.1,3782
2025-05-27,17:00,Single,Corrugated with Fins,Blue Metal,Black Cotton,10,3,38.7,254.5,60.4,3372
2025-05-27,18:00,Single,Compartmental,Black Granite,Glass Wool,10,5,34.8,126.7,70.9,2835
2025-05-28,07:00,Stepped,Corrugated with Fins,Kadappa Gravel,Colored Cotton,20,4,35.4,253.6,73.8,3290
2025-05-28,08:00,Single,Plain,Black Granite,Glass Wool,10,3,36.9,393.9,77.6,3015
2025-05-28,09:00,Single,Compartmental with Fins,Black Granite,Colored Cotton,10,3,35.5,311.6,71.9,3364
2025-05-28,11:00,Single,Compartmental,Blue Metal,Black Jute,10,5,36.1,822.5,73.2,4265
2025-05-28,12:00,Single,Corrugated with Fins,Pebbles,Coir,10,5,41.1,786.5,56.2,4312
2025-05-28,13:00,Stepped,Corrugated with Fins,White Marble,Colored Cotton,20,4,40.4,1053.8,68.2,4500
2025-05-28,14:00,Single,Plain,Pebbles,Black Cotton,25,4,41.1,884.8,66.3,4027
2025-05-28,15:00,Stepped,Plain,Pebbles,Sponge,15,4,42.8,829.7,64.9,4451
2025-05-28,16:00,Single,Compartmental,Kadappa Gravel,Glass Wool,25,3,38.4,585.8,65.4,3573
2025-05-28,17:00,Stepped,Plain,Kadappa Gravel,Glass Wool,25,3,40.3,450.9,72.0,3659
2025-05-28,18:00,Single,Compartmental,Pebbles,Black Cotton,10,3,36.0,296.5,71.3,3423
2025-05-29,07:00,Single,Compartmental with Fins,Pebbles,Coir,10,4,33.9,265.3,72.8,3269
2025-05-29,08:00,Single,Plain,Black Granite,Colored Cotton,25,4,34.1,340.7,74.8,2848
2025-05-29,09:00,Single,Corrugated with Fins,White Marble,Glass Wool,10,5,33.1,321.6,73.9,2703
2025-05-29,10:00,Stepped,Compartmental,White Marble,Coir,10,5,35.7,617.6,77.2,3810
2025-05-29,12:00,Single,Plain,White Marble,Colored Cotton,25,3,38.7,793.8,67.3,3231
2025-05-29,13:00,Stepped,Corrugated with Fins,Pebbles,Coir,10,5,42.0,1061.8,57.5,4500
2025-05-29,14:00,Single,Corrugated with Fins,Blue Metal,Sponge,10,4,41.2,1037.4,63.7,4500
2025-05-29,15:00,Stepped,Corrugated,Kadappa Gravel,Glass Wool,10,4,39.2,817.4,67.1,4500
2025-05-29,16:00,Single,Corrugated with Fins,White Marble,Black Cotton,20,4,37.4,571.2,71.0,3587
2025-05-29,18:00,Single,Compartmental,Kadappa Gravel,Black Jute,10,3,37.8,137.6,74.2,3060
2025-05-30,07:00,Single,Compartmental with Fins,Kadappa Gravel,Coir,25,3,35.0,165.3,77.4,2591
2025-05-30,08:00,Stepped,Compartmental,Blue Metal,Coir,10,3,37.2,374.2,73.8,3677
2025-05-30,09:00,Stepped,Plain,Pebbles,Colored Cotton,10,4,34.3,271.0,77.3,3111
2025-05-30,11:00,Single,Corrugated,Blue Metal,Coir,30,3,39.4,805.2,69.0,3601
2025-05-30,12:00,Single,Plain,Black Granite,Colored Cotton,15,4,41.2,996.1,68.1,4466
2025-05-30,13:00,Single,Compartmental,Blue Metal,Black Cotton,15,5,39.5,860.0,62.8,4500
2025-05-30,14:00,Single,Plain,Kadappa Gravel,Colored Cotton,10,4,42.8,832.4,67.1,4237
2025-05-30,15:00,Single,Compartmental,Blue Metal,Black Jute,30,3,41.0,771.1,65.8,3955
2025-05-30,16:00,Single,Plain,White Marble,Glass Wool,30,3,41.4,461.2,67.2,2423
2025-05-30,18:00,Single,Corrugated,White Marble,Sponge,25,4,38.1,161.9,60.6,2233
2025-05-31,07:00,Single,Compartmental with Fins,Blue Metal,Black Jute,20,3,32.5,212.9,77.3,3048
2025-05-31,08:00,Single,Compartmental with Fins,Kadappa Gravel,Sponge,10,3,34.6,231.0,76.2,3532
2025-05-31,10:00,Stepped,Corrugated,White Marble,Black Jute,20,5,37.2,574.9,65.6,3699
2025-05-31,11:00,Single,Compartmental,Kadappa Gravel,Glass Wool,10,3,37.4,763.4,69.3,4384
2025-05-31,13:00,Single,Compartmental with Fins,White Marble,Black Jute,10,4,42.1,795.6,59.9,4326
2025-05-31,14:00,Single,Plain,Black Granite,Black Jute,10,5,40.1,938.0,71.6,4500
2025-05-31,16:00,Stepped,Compartmental,White Marble,Colored Cotton,15,3,41.6,452.2,64.9,3380
2025-05-31,17:00,Single,Corrugated with Fins,Blue Metal,Coir,25,3,40.3,449.7,71.0,3303
2025-05-31,18:00,Single,Compartmental with Fins,Black Granite,Glass Wool,15,5,38.5,259.7,69.7,3171
